-- MySQL dump 10.13  Distrib 5.5.60, for debian-linux-gnu (x86_64)
--
-- Host: localhost    Database: gestionfaena
-- ------------------------------------------------------
-- Server version	5.5.60-0+deb7u1

/*!40101 SET @OLD_CHARACTER_SET_CLIENT=@@CHARACTER_SET_CLIENT */;
/*!40101 SET @OLD_CHARACTER_SET_RESULTS=@@CHARACTER_SET_RESULTS */;
/*!40101 SET @OLD_COLLATION_CONNECTION=@@COLLATION_CONNECTION */;
/*!40101 SET NAMES utf8 */;
/*!40103 SET @OLD_TIME_ZONE=@@TIME_ZONE */;
/*!40103 SET TIME_ZONE='+00:00' */;
/*!40014 SET @OLD_UNIQUE_CHECKS=@@UNIQUE_CHECKS, UNIQUE_CHECKS=0 */;
/*!40014 SET @OLD_FOREIGN_KEY_CHECKS=@@FOREIGN_KEY_CHECKS, FOREIGN_KEY_CHECKS=0 */;
/*!40101 SET @OLD_SQL_MODE=@@SQL_MODE, SQL_MODE='NO_AUTO_VALUE_ON_ZERO' */;
/*!40111 SET @OLD_SQL_NOTES=@@SQL_NOTES, SQL_NOTES=0 */;

--
-- Table structure for table `opciones_camion`
--

DROP TABLE IF EXISTS `opciones_camion`;
/*!40101 SET @saved_cs_client     = @@character_set_client */;
/*!40101 SET character_set_client = utf8 */;
CREATE TABLE `opciones_camion` (
  `id` int(11) NOT NULL AUTO_INCREMENT,
  `titular` varchar(255) COLLATE utf8_unicode_ci NOT NULL,
  `tipo` varchar(255) COLLATE utf8_unicode_ci NOT NULL,
  `patente` varchar(255) COLLATE utf8_unicode_ci NOT NULL,
  `senasa` varchar(255) COLLATE utf8_unicode_ci NOT NULL,
  PRIMARY KEY (`id`)
) ENGINE=InnoDB DEFAULT CHARSET=utf8 COLLATE=utf8_unicode_ci;
/*!40101 SET character_set_client = @saved_cs_client */;

--
-- Dumping data for table `opciones_camion`
--

LOCK TABLES `opciones_camion` WRITE;
/*!40000 ALTER TABLE `opciones_camion` DISABLE KEYS */;
/*!40000 ALTER TABLE `opciones_camion` ENABLE KEYS */;
UNLOCK TABLES;

--
-- Table structure for table `opciones_informe_proceso`
--

DROP TABLE IF EXISTS `opciones_informe_proceso`;
/*!40101 SET @saved_cs_client     = @@character_set_client */;
/*!40101 SET character_set_client = utf8 */;
CREATE TABLE `opciones_informe_proceso` (
  `id` int(11) NOT NULL AUTO_INCREMENT,
  `id_proc_fan` int(11) DEFAULT NULL,
  PRIMARY KEY (`id`),
  KEY `IDX_72E293C4CCB66DA3` (`id_proc_fan`),
  CONSTRAINT `FK_72E293C4CCB66DA3` FOREIGN KEY (`id_proc_fan`) REFERENCES `sp_proc_fan` (`id`)
) ENGINE=InnoDB DEFAULT CHARSET=utf8 COLLATE=utf8_unicode_ci;
/*!40101 SET character_set_client = @saved_cs_client */;

--
-- Dumping data for table `opciones_informe_proceso`
--

LOCK TABLES `opciones_informe_proceso` WRITE;
/*!40000 ALTER TABLE `opciones_informe_proceso` DISABLE KEYS */;
/*!40000 ALTER TABLE `opciones_informe_proceso` ENABLE KEYS */;
UNLOCK TABLES;

--
-- Table structure for table `opciones_posicion_atributo_informe`
--

DROP TABLE IF EXISTS `opciones_posicion_atributo_informe`;
/*!40101 SET @saved_cs_client     = @@character_set_client */;
/*!40101 SET character_set_client = utf8 */;
CREATE TABLE `opciones_posicion_atributo_informe` (
  `id` int(11) NOT NULL AUTO_INCREMENT,
  `id_atr_abst` int(11) DEFAULT NULL,
  `id_inf_proc` int(11) DEFAULT NULL,
  `posicion` int(11) NOT NULL,
  `visible` tinyint(1) NOT NULL DEFAULT '1',
  `agrupa` tinyint(1) NOT NULL DEFAULT '0',
  `sumariza` tinyint(1) NOT NULL DEFAULT '0',
  `promedia` tinyint(1) NOT NULL DEFAULT '0',
  `numOrden` int(11) DEFAULT NULL,
  PRIMARY KEY (`id`),
  KEY `IDX_C77E13056858309` (`id_atr_abst`),
  KEY `IDX_C77E1304FAE50A1` (`id_inf_proc`),
  CONSTRAINT `FK_C77E1304FAE50A1` FOREIGN KEY (`id_inf_proc`) REFERENCES `sp_opc_def_inf` (`id`),
  CONSTRAINT `FK_C77E13056858309` FOREIGN KEY (`id_atr_abst`) REFERENCES `sp_gst_atr_abst` (`id`)
) ENGINE=InnoDB AUTO_INCREMENT=12 DEFAULT CHARSET=utf8 COLLATE=utf8_unicode_ci;
/*!40101 SET character_set_client = @saved_cs_client */;

--
-- Dumping data for table `opciones_posicion_atributo_informe`
--

LOCK TABLES `opciones_posicion_atributo_informe` WRITE;
/*!40000 ALTER TABLE `opciones_posicion_atributo_informe` DISABLE KEYS */;
INSERT INTO `opciones_posicion_atributo_informe` VALUES (1,5,1,1,1,0,0,0,2),(2,8,1,2,1,0,0,0,0),(3,6,1,3,1,0,0,0,0),(4,7,1,4,1,0,0,0,0),(5,9,1,5,1,0,1,0,0),(6,10,1,6,1,0,0,0,0),(7,1,1,7,1,0,1,0,0),(8,3,1,8,1,0,1,0,0),(9,2,1,9,1,0,1,0,0),(10,4,1,10,1,0,0,1,0),(11,13,1,11,0,1,0,0,1);
/*!40000 ALTER TABLE `opciones_posicion_atributo_informe` ENABLE KEYS */;
UNLOCK TABLES;

--
-- Table structure for table `sig_cli_sol`
--

DROP TABLE IF EXISTS `sig_cli_sol`;
/*!40101 SET @saved_cs_client     = @@character_set_client */;
/*!40101 SET character_set_client = utf8 */;
CREATE TABLE `sig_cli_sol` (
  `id` int(11) NOT NULL AUTO_INCREMENT,
  `razonSocial` varchar(255) COLLATE utf8_unicode_ci NOT NULL,
  `direccion` varchar(255) COLLATE utf8_unicode_ci DEFAULT NULL,
  `codigoPostal` varchar(255) COLLATE utf8_unicode_ci DEFAULT NULL,
  `telefono` varchar(255) COLLATE utf8_unicode_ci DEFAULT NULL,
  PRIMARY KEY (`id`)
) ENGINE=InnoDB AUTO_INCREMENT=2 DEFAULT CHARSET=utf8 COLLATE=utf8_unicode_ci;
/*!40101 SET character_set_client = @saved_cs_client */;

--
-- Dumping data for table `sig_cli_sol`
--

LOCK TABLES `sig_cli_sol` WRITE;
/*!40000 ALTER TABLE `sig_cli_sol` DISABLE KEYS */;
INSERT INTO `sig_cli_sol` VALUES (1,'0000','00000','00000','00000');
/*!40000 ALTER TABLE `sig_cli_sol` ENABLE KEYS */;
UNLOCK TABLES;

--
-- Table structure for table `sig_cmion_rpto`
--

DROP TABLE IF EXISTS `sig_cmion_rpto`;
/*!40101 SET @saved_cs_client     = @@character_set_client */;
/*!40101 SET character_set_client = utf8 */;
CREATE TABLE `sig_cmion_rpto` (
  `id` int(11) NOT NULL AUTO_INCREMENT,
  `tipo` varchar(255) COLLATE utf8_unicode_ci NOT NULL,
  `patente` varchar(255) COLLATE utf8_unicode_ci NOT NULL,
  `senasa` varchar(255) COLLATE utf8_unicode_ci NOT NULL,
  `precintos` int(11) NOT NULL,
  PRIMARY KEY (`id`)
) ENGINE=InnoDB AUTO_INCREMENT=42 DEFAULT CHARSET=utf8 COLLATE=utf8_unicode_ci;
/*!40101 SET character_set_client = @saved_cs_client */;

--
-- Dumping data for table `sig_cmion_rpto`
--

LOCK TABLES `sig_cmion_rpto` WRITE;
/*!40000 ALTER TABLE `sig_cmion_rpto` DISABLE KEYS */;
INSERT INTO `sig_cmion_rpto` VALUES (1,'TE','KTG089','2-76222',3),(2,'TE','AEM913','2-43989',2),(3,'TE','NEV881','2-292218',3),(4,'TE','GDD183','2-319484',2),(5,'TE','OLZ735','2-183156',3),(6,'TE','NON496','2-150600',2),(7,'TE','AB467BQ','2-256360',3),(8,'TE','GJC469','2-4229',2),(9,'TE','IFV474','2-119155',2),(10,'TE','LLX152','2-81423',2),(11,'TE','SGK350','2-106585',3),(12,'TE','NKX252','2-139407',3),(13,'TE','BBW363','2-138400',2),(14,'TE','OZM624','2-225933',3),(15,'TE','DVA057','2-21418',2),(16,'TE','AC720DF','2-272095',2),(17,'TE','CNN314','2-279332',3),(18,'TE','EGS511','2-29479',3),(19,'TE','LGE157','2-91120',3),(20,'TE','GZF571','2-103086',2),(21,'TE','GOX799','2-43853',3),(22,'TE','CPM420','2-86853',3),(23,'TE','AA481CU','2-224838',3),(24,'TE','HPY613','2-38355',3),(25,'TE','IVO973','2-30222',2),(26,'TE','MNA809','2-118437',3),(27,'TE','AVC907','2-17180',3),(28,'TE','LMV749','2-83492',3),(29,'TE','FMW738','2-285634',2),(30,'TE','NZI554','2-156364',2),(31,'TE','NDU547','2-134632',2),(32,'TE','KWL451','2-75493',1),(33,'TE','FQS112','2-325767',3),(34,'TE','AWH249','2-40787',3),(35,'TE','KWL350','2-71730',3),(36,'TE','HJQ001','2-42026',3),(37,'TE','BOT907','2-136023',2),(38,'TE','VVN850','2-43990',2),(39,'TE','AB837TX','2-253675',3),(40,'TE','MQR802','2-112328',2),(41,'TE','UUJ787','2-14302',3);
/*!40000 ALTER TABLE `sig_cmion_rpto` ENABLE KEYS */;
UNLOCK TABLES;

--
-- Table structure for table `sig_det_sol`
--

DROP TABLE IF EXISTS `sig_det_sol`;
/*!40101 SET @saved_cs_client     = @@character_set_client */;
/*!40101 SET character_set_client = utf8 */;
CREATE TABLE `sig_det_sol` (
  `id` int(11) NOT NULL AUTO_INCREMENT,
  `id_art` int(11) DEFAULT NULL,
  `id_tropa` int(11) DEFAULT NULL,
  `id_env_primario` int(11) DEFAULT NULL,
  `id_env_secundario` int(11) DEFAULT NULL,
  `pesoNeto` double DEFAULT NULL,
  `pesoBruto` double DEFAULT NULL,
  `cantidad` double DEFAULT NULL,
  `certificadoOrigen` varchar(255) COLLATE utf8_unicode_ci DEFAULT NULL,
  `id_sol` int(11) DEFAULT NULL,
  PRIMARY KEY (`id`),
  KEY `IDX_DD9B845562913E0E` (`id_art`),
  KEY `IDX_DD9B8455B3C23C10` (`id_tropa`),
  KEY `IDX_DD9B845598D853C0` (`id_env_primario`),
  KEY `IDX_DD9B845538A863E1` (`id_env_secundario`),
  KEY `IDX_DD9B84559133BD5A` (`id_sol`),
  CONSTRAINT `FK_DD9B845562913E0E` FOREIGN KEY (`id_art`) REFERENCES `sig_prdo_det` (`id`),
  CONSTRAINT `FK_DD9B845538A863E1` FOREIGN KEY (`id_env_secundario`) REFERENCES `sig_env_sen` (`id`),
  CONSTRAINT `FK_DD9B84559133BD5A` FOREIGN KEY (`id_sol`) REFERENCES `sig_sol_as_gpo` (`id`),
  CONSTRAINT `FK_DD9B845598D853C0` FOREIGN KEY (`id_env_primario`) REFERENCES `sig_env_sen` (`id`),
  CONSTRAINT `FK_DD9B8455B3C23C10` FOREIGN KEY (`id_tropa`) REFERENCES `sig_trp_sol` (`id`)
) ENGINE=InnoDB AUTO_INCREMENT=2147 DEFAULT CHARSET=utf8 COLLATE=utf8_unicode_ci;
/*!40101 SET character_set_client = @saved_cs_client */;

--
-- Dumping data for table `sig_det_sol`
--

LOCK TABLES `sig_det_sol` WRITE;
/*!40000 ALTER TABLE `sig_det_sol` DISABLE KEYS */;
INSERT INTO `sig_det_sol` VALUES (8,1,1,1,1,620,667,31,NULL,3),(9,2,1,1,1,237,220,11,NULL,3),(10,3,1,1,2,NULL,NULL,NULL,NULL,3),(11,1,1,1,1,960,1032,48,NULL,4),(12,2,1,1,1,140,130,7,NULL,4),(13,3,1,1,2,11,10,2,NULL,4),(14,1,1,1,1,1780,1914,89,NULL,5),(15,2,1,1,1,125,134,6,NULL,5),(16,3,1,1,2,NULL,NULL,NULL,NULL,5),(17,1,1,1,1,NULL,NULL,NULL,NULL,6),(18,2,1,1,1,NULL,NULL,NULL,NULL,6),(19,3,1,1,2,NULL,NULL,NULL,NULL,6),(20,1,1,1,1,NULL,NULL,NULL,NULL,7),(21,2,1,1,1,NULL,NULL,NULL,NULL,7),(22,3,1,1,2,NULL,NULL,NULL,NULL,7),(23,1,1,1,1,NULL,NULL,NULL,NULL,8),(24,2,1,1,1,NULL,NULL,NULL,NULL,8),(25,3,1,1,2,NULL,NULL,NULL,NULL,8),(26,1,1,1,1,NULL,NULL,NULL,NULL,9),(27,2,1,1,1,NULL,NULL,NULL,NULL,9),(28,3,1,1,2,NULL,NULL,NULL,NULL,9),(29,1,1,1,1,NULL,NULL,NULL,NULL,10),(30,2,1,1,1,NULL,NULL,NULL,NULL,10),(31,3,1,1,2,NULL,NULL,NULL,NULL,10),(32,1,1,1,1,NULL,NULL,NULL,NULL,11),(33,2,1,1,1,NULL,NULL,NULL,NULL,11),(34,3,1,1,2,NULL,NULL,NULL,NULL,11),(35,1,1,1,1,NULL,NULL,NULL,NULL,12),(36,2,1,1,1,NULL,NULL,NULL,NULL,12),(37,3,1,1,2,NULL,NULL,NULL,NULL,12),(38,1,1,1,1,NULL,NULL,NULL,NULL,13),(39,2,1,1,1,NULL,NULL,NULL,NULL,13),(40,3,1,1,2,NULL,NULL,NULL,NULL,13),(41,1,1,1,1,NULL,NULL,NULL,NULL,14),(42,2,1,1,1,NULL,NULL,NULL,NULL,14),(43,3,1,1,2,NULL,NULL,NULL,NULL,14),(44,1,1,1,1,NULL,NULL,NULL,NULL,15),(45,2,1,1,1,NULL,NULL,NULL,NULL,15),(46,3,1,1,2,NULL,NULL,NULL,NULL,15),(47,1,1,1,1,NULL,NULL,NULL,NULL,16),(48,2,1,1,1,NULL,NULL,NULL,NULL,16),(49,3,1,1,2,NULL,NULL,NULL,NULL,16),(50,1,1,1,1,NULL,NULL,NULL,NULL,17),(51,2,1,1,1,NULL,NULL,NULL,NULL,17),(52,3,1,1,2,NULL,NULL,NULL,NULL,17),(53,1,1,1,1,NULL,NULL,NULL,NULL,18),(54,2,1,1,1,NULL,NULL,NULL,NULL,18),(55,3,1,1,2,NULL,NULL,NULL,NULL,18),(56,1,1,1,1,NULL,NULL,NULL,NULL,19),(57,2,1,1,1,NULL,NULL,NULL,NULL,19),(58,3,1,1,2,NULL,NULL,NULL,NULL,19),(59,1,1,1,1,NULL,NULL,NULL,NULL,20),(60,2,1,1,1,NULL,NULL,NULL,NULL,20),(61,3,1,1,2,NULL,NULL,NULL,NULL,20),(62,1,1,1,1,NULL,NULL,NULL,NULL,21),(63,2,1,1,1,NULL,NULL,NULL,NULL,21),(64,3,1,1,2,NULL,NULL,NULL,NULL,21),(65,1,1,1,1,NULL,NULL,NULL,NULL,22),(66,2,1,1,1,NULL,NULL,NULL,NULL,22),(67,3,1,1,2,NULL,NULL,NULL,NULL,22),(68,1,1,1,1,NULL,NULL,NULL,NULL,23),(69,2,1,1,1,NULL,NULL,NULL,NULL,23),(70,3,1,1,2,NULL,NULL,NULL,NULL,23),(71,1,1,1,1,NULL,NULL,NULL,NULL,24),(72,2,1,1,1,NULL,NULL,NULL,NULL,24),(73,3,1,1,2,NULL,NULL,NULL,NULL,24),(74,1,1,1,1,NULL,NULL,NULL,NULL,25),(75,2,1,1,1,NULL,NULL,NULL,NULL,25),(76,3,1,1,2,NULL,NULL,NULL,NULL,25),(77,1,1,1,1,NULL,NULL,NULL,NULL,26),(78,2,1,1,1,NULL,NULL,NULL,NULL,26),(79,3,1,1,2,NULL,NULL,NULL,NULL,26),(80,1,1,1,1,NULL,NULL,NULL,NULL,27),(81,2,1,1,1,NULL,NULL,NULL,NULL,27),(82,3,1,1,2,NULL,NULL,NULL,NULL,27),(83,1,1,1,1,NULL,NULL,NULL,NULL,28),(84,2,1,1,1,NULL,NULL,NULL,NULL,28),(85,3,1,1,2,NULL,NULL,NULL,NULL,28),(86,1,1,1,1,NULL,NULL,NULL,NULL,29),(87,2,1,1,1,NULL,NULL,NULL,NULL,29),(88,3,1,1,2,NULL,NULL,NULL,NULL,29),(89,1,1,1,1,NULL,NULL,NULL,NULL,30),(90,2,1,1,1,NULL,NULL,NULL,NULL,30),(91,3,1,1,2,NULL,NULL,NULL,NULL,30),(92,1,1,1,1,NULL,NULL,NULL,NULL,31),(93,2,1,1,1,NULL,NULL,NULL,NULL,31),(94,3,1,1,2,NULL,NULL,NULL,NULL,31),(95,1,1,1,1,NULL,NULL,NULL,NULL,32),(96,2,1,1,1,NULL,NULL,NULL,NULL,32),(97,3,1,1,2,NULL,NULL,NULL,NULL,32),(98,1,1,1,1,NULL,NULL,NULL,NULL,33),(99,2,1,1,1,NULL,NULL,NULL,NULL,33),(100,3,1,1,2,NULL,NULL,NULL,NULL,33),(101,1,1,1,1,NULL,NULL,NULL,NULL,34),(102,2,1,1,1,NULL,NULL,NULL,NULL,34),(103,3,1,1,2,NULL,NULL,NULL,NULL,34),(104,1,1,1,1,NULL,NULL,NULL,NULL,35),(105,2,1,1,1,NULL,NULL,NULL,NULL,35),(106,3,1,1,2,NULL,NULL,NULL,NULL,35),(107,1,1,1,1,NULL,NULL,NULL,NULL,36),(108,2,1,1,1,NULL,NULL,NULL,NULL,36),(109,3,1,1,2,NULL,NULL,NULL,NULL,36),(110,1,1,1,1,NULL,NULL,NULL,NULL,37),(111,2,1,1,1,NULL,NULL,NULL,NULL,37),(112,3,1,1,2,NULL,NULL,NULL,NULL,37),(113,1,1,1,1,NULL,NULL,NULL,NULL,38),(114,2,1,1,1,NULL,NULL,NULL,NULL,38),(115,3,1,1,2,NULL,NULL,NULL,NULL,38),(116,1,1,1,1,NULL,NULL,NULL,NULL,39),(117,2,1,1,1,NULL,NULL,NULL,NULL,39),(118,3,1,1,2,NULL,NULL,NULL,NULL,39),(119,1,1,1,1,NULL,NULL,NULL,NULL,40),(120,2,1,1,1,NULL,NULL,NULL,NULL,40),(121,3,1,1,2,NULL,NULL,NULL,NULL,40),(122,1,1,1,1,NULL,NULL,NULL,NULL,41),(123,2,1,1,1,NULL,NULL,NULL,NULL,41),(124,3,1,1,2,NULL,NULL,NULL,NULL,41),(125,1,1,1,1,NULL,NULL,NULL,NULL,42),(126,2,1,1,1,NULL,NULL,NULL,NULL,42),(127,3,1,1,2,NULL,NULL,NULL,NULL,42),(128,1,1,1,1,NULL,NULL,NULL,NULL,43),(129,2,1,1,1,NULL,NULL,NULL,NULL,43),(130,3,1,1,2,NULL,NULL,NULL,NULL,43),(131,1,1,1,1,NULL,NULL,NULL,NULL,44),(132,2,1,1,1,NULL,NULL,NULL,NULL,44),(133,3,1,1,2,NULL,NULL,NULL,NULL,44),(134,1,1,1,1,NULL,NULL,NULL,NULL,45),(135,2,1,1,1,NULL,NULL,NULL,NULL,45),(136,3,1,1,2,NULL,NULL,NULL,NULL,45),(137,1,1,1,1,NULL,NULL,NULL,NULL,46),(138,2,1,1,1,NULL,NULL,NULL,NULL,46),(139,3,1,1,2,NULL,NULL,NULL,NULL,46),(140,1,1,1,1,NULL,NULL,NULL,NULL,47),(141,2,1,1,1,NULL,NULL,NULL,NULL,47),(142,3,1,1,2,NULL,NULL,NULL,NULL,47),(143,1,1,1,1,NULL,NULL,NULL,NULL,48),(144,2,1,1,1,NULL,NULL,NULL,NULL,48),(145,3,1,1,2,NULL,NULL,NULL,NULL,48),(146,1,1,1,1,NULL,NULL,NULL,NULL,49),(147,2,1,1,1,NULL,NULL,NULL,NULL,49),(148,3,1,1,2,NULL,NULL,NULL,NULL,49),(149,1,2,1,1,840,903,42,NULL,50),(150,2,2,1,1,380,409,19,NULL,50),(151,3,2,1,2,NULL,NULL,NULL,NULL,50),(152,1,2,1,1,1420,1527,71,NULL,51),(153,2,2,1,1,200,215,10,NULL,51),(154,3,2,1,2,NULL,NULL,NULL,NULL,51),(155,1,2,1,1,1240,1333,62,NULL,52),(156,2,2,1,1,440,473,22,NULL,52),(157,3,2,1,2,10,11,2,NULL,52),(158,1,2,1,1,NULL,NULL,NULL,NULL,53),(159,2,2,1,1,NULL,NULL,NULL,NULL,53),(160,3,2,1,2,NULL,NULL,NULL,NULL,53),(161,1,2,1,1,980,1054,49,NULL,54),(162,2,2,1,1,250,269,13,NULL,54),(163,3,2,1,2,NULL,NULL,NULL,NULL,54),(164,1,2,1,1,440,473,22,NULL,55),(165,2,2,1,1,355,382,18,NULL,55),(166,3,2,1,2,NULL,NULL,NULL,NULL,55),(167,1,2,1,1,280,301,14,NULL,56),(168,2,2,1,1,390,419,20,NULL,56),(169,3,2,1,2,5,5,1,NULL,56),(170,1,2,1,1,220,237,11,NULL,57),(171,2,2,1,1,NULL,NULL,NULL,NULL,57),(172,3,2,1,2,NULL,NULL,NULL,NULL,57),(173,1,2,1,1,1180,1269,59,NULL,58),(174,2,2,1,1,130,140,7,NULL,58),(175,3,2,1,2,NULL,NULL,NULL,NULL,58),(176,1,2,1,1,660,710,33,NULL,59),(177,2,2,1,1,695,747,35,NULL,59),(178,3,2,1,2,10,11,2,NULL,59),(179,1,2,1,1,1720,1849,86,NULL,60),(180,2,2,1,1,230,247,12,NULL,60),(181,3,2,1,2,40,42,8,NULL,60),(182,1,2,1,1,1240,1333,62,NULL,61),(183,2,2,1,1,525,564,26,NULL,61),(184,3,2,1,2,NULL,NULL,NULL,NULL,61),(185,1,2,1,1,1580,1699,79,NULL,62),(186,2,2,1,1,380,409,19,NULL,62),(187,3,2,1,2,5,5,1,NULL,62),(188,1,2,1,1,2200,2365,110,NULL,63),(189,2,2,1,1,520,559,26,NULL,63),(190,3,2,1,2,NULL,NULL,NULL,NULL,63),(191,1,2,1,1,1380,1484,69,NULL,64),(192,2,2,1,1,620,667,31,NULL,64),(193,3,2,1,2,5,5,1,NULL,64),(194,1,2,1,1,1600,1720,80,NULL,65),(195,2,2,1,1,220,237,11,NULL,65),(196,3,2,1,2,5,5,1,NULL,65),(197,1,2,1,1,700,753,35,NULL,66),(198,2,2,1,1,250,269,13,NULL,66),(199,3,2,1,2,NULL,NULL,NULL,NULL,66),(200,1,2,1,1,NULL,NULL,NULL,NULL,67),(201,2,2,1,1,NULL,NULL,NULL,NULL,67),(202,3,2,1,2,NULL,NULL,NULL,NULL,67),(203,1,2,1,1,1260,1355,63,NULL,68),(204,2,2,1,1,365,392,18,NULL,68),(205,3,2,1,2,NULL,NULL,NULL,NULL,68),(206,1,2,1,1,1400,1505,70,NULL,69),(207,2,2,1,1,295,317,15,NULL,69),(208,3,2,1,2,NULL,NULL,NULL,NULL,69),(209,1,2,1,1,1640,1763,82,NULL,70),(210,2,2,1,1,90,97,5,NULL,70),(211,3,2,1,2,NULL,NULL,NULL,NULL,70),(212,1,2,1,1,640,688,32,NULL,71),(213,2,2,1,1,905,973,45,NULL,71),(214,3,2,1,2,10,11,2,NULL,71),(215,1,2,1,1,3740,4021,187,NULL,72),(216,2,2,1,1,150,161,8,NULL,72),(217,3,2,1,2,20,22,4,NULL,72),(218,1,2,1,1,2080,2236,104,NULL,73),(219,2,2,1,1,1080,1161,54,NULL,73),(220,3,2,1,2,5,5,1,NULL,73),(221,1,2,1,1,100,108,5,NULL,74),(222,2,2,1,1,180,194,9,NULL,74),(223,3,2,1,2,NULL,NULL,NULL,NULL,74),(224,1,2,1,1,NULL,NULL,NULL,NULL,75),(225,2,2,1,1,NULL,NULL,NULL,NULL,75),(226,3,2,1,2,NULL,NULL,NULL,NULL,75),(227,1,2,1,1,1140,1226,57,NULL,76),(228,2,2,1,1,280,301,14,NULL,76),(229,3,2,1,2,10,11,2,NULL,76),(230,1,2,1,1,560,602,28,NULL,77),(231,2,2,1,1,120,129,6,NULL,77),(232,3,2,1,2,NULL,NULL,NULL,NULL,77),(233,1,2,1,1,2120,2279,106,NULL,78),(234,2,2,1,1,160,172,8,NULL,78),(235,3,2,1,2,NULL,NULL,NULL,NULL,78),(236,1,2,1,1,1100,1183,55,NULL,79),(237,2,2,1,1,300,323,15,NULL,79),(238,3,2,1,2,60,64,12,NULL,79),(239,1,2,1,1,760,817,38,NULL,80),(240,2,2,1,1,560,602,28,NULL,80),(241,3,2,1,2,NULL,NULL,NULL,NULL,80),(242,1,2,1,1,1200,1290,60,NULL,81),(243,2,2,1,1,150,161,8,NULL,81),(244,3,2,1,2,NULL,NULL,NULL,NULL,81),(245,1,2,1,1,800,860,40,NULL,82),(246,2,2,1,1,540,581,27,NULL,82),(247,3,2,1,2,10,11,2,NULL,82),(248,1,2,1,1,720,774,36,NULL,83),(249,2,2,1,1,225,242,11,NULL,83),(250,3,2,1,2,NULL,NULL,NULL,NULL,83),(251,1,2,1,1,1020,1097,51,NULL,84),(252,2,2,1,1,235,253,12,NULL,84),(253,3,2,1,2,15,16,3,NULL,84),(254,1,2,1,1,500,538,25,NULL,85),(255,2,2,1,1,560,602,28,NULL,85),(256,3,2,1,2,15,16,3,NULL,85),(257,1,2,1,1,760,817,38,NULL,86),(258,2,2,1,1,680,731,34,NULL,86),(259,3,2,1,2,10,11,2,NULL,86),(260,1,2,1,1,260,280,13,NULL,87),(261,2,2,1,1,40,43,2,NULL,87),(262,3,2,1,2,NULL,NULL,NULL,NULL,87),(263,1,2,1,1,NULL,NULL,NULL,NULL,88),(264,2,2,1,1,NULL,NULL,NULL,NULL,88),(265,3,2,1,2,NULL,NULL,NULL,NULL,88),(266,1,2,1,1,560,602,28,NULL,89),(267,2,2,1,1,120,129,6,NULL,89),(268,3,2,1,2,10,11,2,NULL,89),(269,1,2,1,1,500,538,25,NULL,90),(270,2,2,1,1,545,586,27,NULL,90),(271,3,2,1,2,10,11,22,NULL,90),(272,1,2,1,1,860,925,43,NULL,91),(273,2,2,1,1,370,398,19,NULL,91),(274,3,2,1,2,30,35,6,NULL,91),(275,1,2,1,1,540,581,27,NULL,92),(276,2,2,1,1,360,387,18,NULL,92),(277,3,2,1,2,NULL,NULL,NULL,NULL,92),(278,1,2,1,1,840,903,42,NULL,93),(279,2,2,1,1,330,355,17,NULL,93),(280,3,2,1,2,NULL,NULL,NULL,NULL,93),(281,1,2,1,1,1000,1075,50,NULL,94),(282,2,2,1,1,115,124,6,NULL,94),(283,3,2,1,2,5,5,1,NULL,94),(284,1,2,1,1,740,796,37,NULL,95),(285,2,2,1,1,325,349,16,NULL,95),(286,3,2,1,2,70,74,14,NULL,95),(287,1,2,1,1,1200,1290,60,NULL,96),(288,2,2,1,1,445,478,22,NULL,96),(289,3,2,1,2,NULL,NULL,NULL,NULL,96),(290,1,2,1,1,NULL,NULL,NULL,NULL,97),(291,2,2,1,1,NULL,NULL,NULL,NULL,97),(292,3,2,1,2,NULL,NULL,NULL,NULL,97),(293,1,2,1,1,NULL,NULL,NULL,NULL,98),(294,2,2,1,1,NULL,NULL,NULL,NULL,98),(295,3,2,1,2,NULL,NULL,NULL,NULL,98),(296,1,2,1,1,NULL,NULL,NULL,NULL,99),(297,2,2,1,1,NULL,NULL,NULL,NULL,99),(298,3,2,1,2,NULL,NULL,NULL,NULL,99),(299,1,2,1,1,NULL,NULL,NULL,NULL,100),(300,2,2,1,1,NULL,NULL,NULL,NULL,100),(301,3,2,1,2,NULL,NULL,NULL,NULL,100),(302,1,2,1,1,NULL,NULL,NULL,NULL,101),(303,2,2,1,1,NULL,NULL,NULL,NULL,101),(304,3,2,1,2,NULL,NULL,NULL,NULL,101),(305,1,2,1,1,NULL,NULL,NULL,NULL,102),(306,2,2,1,1,NULL,NULL,NULL,NULL,102),(307,3,2,1,2,NULL,NULL,NULL,NULL,102),(308,1,2,1,1,NULL,NULL,NULL,NULL,103),(309,2,2,1,1,NULL,NULL,NULL,NULL,103),(310,3,2,1,2,NULL,NULL,NULL,NULL,103),(311,1,2,1,1,NULL,NULL,NULL,NULL,104),(312,2,2,1,1,NULL,NULL,NULL,NULL,104),(313,3,2,1,2,NULL,NULL,NULL,NULL,104),(314,1,3,1,1,980,1054,49,NULL,105),(315,2,3,1,1,220,237,11,NULL,105),(316,3,3,1,2,5,5,1,NULL,105),(317,1,3,1,1,860,925,430,NULL,106),(318,2,3,1,1,135,145,7,NULL,106),(319,3,3,1,2,25,27,5,NULL,106),(320,1,3,1,1,1440,1548,72,NULL,107),(321,2,3,1,1,275,296,14,NULL,107),(322,3,3,1,2,5,5,1,NULL,107),(323,1,3,1,1,NULL,NULL,NULL,NULL,108),(324,2,3,1,1,NULL,NULL,NULL,NULL,108),(325,3,3,1,2,NULL,NULL,NULL,NULL,108),(326,1,3,1,1,1700,1828,85,NULL,109),(327,2,3,1,1,125,134,6,NULL,109),(328,3,3,1,2,NULL,NULL,NULL,NULL,109),(329,1,3,1,1,260,280,13,NULL,110),(330,2,3,1,1,895,962,45,NULL,110),(331,3,3,1,2,NULL,NULL,NULL,NULL,110),(332,1,3,1,1,260,280,13,NULL,111),(333,2,3,1,1,235,253,12,NULL,111),(334,3,3,1,2,NULL,NULL,NULL,NULL,111),(335,1,3,1,1,120,129,6,NULL,112),(336,2,3,1,1,200,215,10,NULL,112),(337,3,3,1,2,NULL,NULL,NULL,NULL,112),(338,1,3,1,1,1040,1118,52,NULL,113),(339,2,3,1,1,490,527,25,NULL,113),(340,3,3,1,2,NULL,NULL,NULL,NULL,113),(341,1,3,1,1,1180,1269,59,NULL,114),(342,2,3,1,1,270,290,14,NULL,114),(343,3,3,1,2,NULL,NULL,NULL,NULL,114),(344,1,3,1,1,520,559,26,NULL,115),(345,2,3,1,1,1625,1747,81,NULL,115),(346,3,3,1,2,30,32,62,NULL,115),(347,1,3,1,1,1460,1570,73,NULL,116),(348,2,3,1,1,280,301,14,NULL,116),(349,3,3,1,2,NULL,NULL,NULL,NULL,116),(350,1,3,1,1,1300,1398,65,NULL,117),(351,2,3,1,1,670,720,34,NULL,117),(352,3,3,1,2,15,16,38,NULL,117),(353,1,3,1,1,660,710,33,NULL,118),(354,2,3,1,1,310,333,16,NULL,118),(355,3,3,1,2,NULL,NULL,NULL,NULL,118),(356,1,3,1,1,40,43,2,NULL,119),(357,2,3,1,1,NULL,NULL,NULL,NULL,119),(358,3,3,1,2,NULL,NULL,NULL,NULL,119),(359,1,3,1,1,180,194,9,NULL,120),(360,2,3,1,1,180,194,9,NULL,120),(361,3,3,1,2,NULL,NULL,NULL,NULL,120),(362,1,3,1,1,360,387,18,NULL,121),(363,2,3,1,1,245,263,12,NULL,121),(364,3,3,1,2,NULL,NULL,NULL,NULL,121),(365,1,3,1,1,760,817,38,NULL,122),(366,2,3,1,1,665,715,33,NULL,122),(367,3,3,1,2,NULL,NULL,NULL,NULL,122),(368,1,NULL,1,1,520,559,26,NULL,123),(369,2,NULL,1,1,130,140,73,NULL,123),(370,3,NULL,1,2,NULL,NULL,NULL,NULL,123),(371,1,NULL,1,1,740,796,37,NULL,124),(372,2,NULL,1,1,600,645,30,NULL,124),(373,3,NULL,1,2,5,5,1,NULL,124),(374,1,NULL,1,1,1440,1548,72,NULL,125),(375,2,NULL,1,1,285,306,14,NULL,125),(376,3,NULL,1,2,15,16,3,NULL,125),(377,1,NULL,1,1,1380,1484,69,NULL,126),(378,2,NULL,1,1,385,414,19,NULL,126),(379,3,NULL,1,2,15,16,3,NULL,126),(380,1,NULL,1,1,1620,1742,81,NULL,127),(381,2,NULL,1,1,425,457,21,NULL,127),(382,3,NULL,1,2,NULL,NULL,NULL,NULL,127),(383,1,NULL,1,1,2060,2215,103,NULL,128),(384,2,NULL,1,1,475,511,24,NULL,128),(385,3,NULL,1,2,NULL,NULL,NULL,NULL,128),(386,1,NULL,1,1,1080,1161,54,NULL,129),(387,2,NULL,1,1,670,720,34,NULL,129),(388,3,NULL,1,2,NULL,NULL,NULL,NULL,129),(389,1,NULL,1,1,1100,1183,55,NULL,130),(390,2,NULL,1,1,240,258,12,NULL,130),(391,3,NULL,1,2,NULL,NULL,NULL,NULL,130),(392,1,NULL,1,1,820,882,41,NULL,131),(393,2,NULL,1,1,295,317,15,NULL,131),(394,3,NULL,1,2,5,5,1,NULL,131),(395,1,NULL,1,1,NULL,NULL,NULL,NULL,132),(396,2,NULL,1,1,NULL,NULL,NULL,NULL,132),(397,3,NULL,1,2,NULL,NULL,NULL,NULL,132),(398,1,NULL,1,1,1440,1548,72,NULL,133),(399,2,NULL,1,1,305,328,15,NULL,133),(400,3,NULL,1,2,5,5,1,NULL,133),(401,1,4,1,1,660,710,33,NULL,134),(402,2,4,1,1,420,452,21,NULL,134),(403,3,4,1,2,30,32,6,NULL,134),(404,1,4,1,1,640,688,32,NULL,135),(405,2,4,1,1,500,538,25,NULL,135),(406,3,4,1,2,NULL,NULL,NULL,NULL,135),(407,1,4,1,1,780,839,39,NULL,136),(408,2,4,1,1,190,204,10,NULL,136),(409,3,4,1,2,NULL,NULL,NULL,NULL,136),(410,1,4,1,1,660,710,33,NULL,137),(411,2,4,1,1,180,194,9,NULL,137),(412,3,4,1,2,NULL,NULL,NULL,NULL,137),(413,1,4,1,1,740,796,37,NULL,138),(414,2,4,1,1,230,247,12,NULL,138),(415,3,4,1,2,40,42,8,NULL,138),(416,1,4,1,1,540,581,27,NULL,139),(417,2,4,1,1,220,237,11,NULL,139),(418,3,4,1,2,20,21,4,NULL,139),(419,1,4,1,1,600,645,30,NULL,140),(420,2,4,1,1,425,457,21,NULL,140),(421,3,4,1,2,15,16,3,NULL,140),(422,1,4,1,1,800,860,40,NULL,141),(423,2,4,1,1,900,968,45,NULL,141),(424,3,4,1,2,10,11,2,NULL,141),(425,1,4,1,1,140,151,7,NULL,142),(426,2,4,1,1,30,32,2,NULL,142),(427,3,4,1,2,NULL,NULL,NULL,NULL,142),(428,1,4,1,1,NULL,NULL,NULL,NULL,143),(429,2,4,1,1,NULL,NULL,NULL,NULL,143),(430,3,4,1,2,NULL,NULL,NULL,NULL,143),(431,1,4,1,1,280,301,14,NULL,144),(432,2,4,1,1,150,161,8,NULL,144),(433,3,4,1,2,20,21,4,NULL,144),(434,1,4,1,1,540,581,27,NULL,145),(435,2,4,1,1,575,618,29,NULL,145),(436,3,4,1,2,NULL,NULL,NULL,NULL,145),(437,1,4,1,1,580,624,3,NULL,146),(438,2,4,1,1,255,274,13,NULL,146),(439,3,4,1,2,15,16,3,NULL,146),(440,1,4,1,1,580,624,29,NULL,147),(441,2,4,1,1,305,328,15,NULL,147),(442,3,4,1,2,15,16,3,NULL,147),(443,1,4,1,1,420,452,21,NULL,148),(444,2,4,1,1,150,161,8,NULL,148),(445,3,4,1,2,5,5,1,NULL,148),(446,1,4,1,1,340,366,17,NULL,149),(447,2,4,1,1,150,161,8,NULL,149),(448,3,4,1,2,NULL,NULL,NULL,NULL,149),(449,1,4,1,1,720,774,36,NULL,150),(450,2,4,1,1,175,188,9,NULL,150),(451,3,4,1,2,10,11,2,NULL,150),(452,1,4,1,1,760,817,38,NULL,151),(453,2,4,1,1,260,280,13,NULL,151),(454,3,4,1,2,NULL,NULL,NULL,NULL,151),(455,1,5,1,1,560,602,28,NULL,152),(456,2,5,1,1,220,237,11,NULL,152),(457,3,5,1,2,NULL,NULL,NULL,NULL,152),(458,1,5,1,1,920,989,46,NULL,153),(459,2,5,1,1,235,253,12,NULL,153),(460,3,5,1,2,50,53,10,NULL,153),(461,1,5,1,1,1700,1828,85,NULL,154),(462,2,5,1,1,140,151,7,NULL,154),(463,3,5,1,2,NULL,NULL,NULL,NULL,154),(464,1,5,1,1,220,237,11,NULL,155),(465,2,5,1,1,260,280,13,NULL,155),(466,3,5,1,2,NULL,NULL,NULL,NULL,155),(467,1,5,1,1,480,516,24,NULL,156),(468,2,5,1,1,60,65,3,NULL,156),(469,3,5,1,2,NULL,NULL,NULL,NULL,156),(470,1,5,1,1,700,753,35,NULL,157),(471,2,5,1,1,295,317,15,NULL,157),(472,3,5,1,2,NULL,NULL,NULL,NULL,157),(473,1,5,1,1,NULL,NULL,NULL,NULL,158),(474,2,5,1,1,60,65,3,NULL,158),(475,3,5,1,2,NULL,NULL,NULL,NULL,158),(476,1,5,1,1,380,409,19,NULL,159),(477,2,5,1,1,330,355,17,NULL,159),(478,3,5,1,2,5,5,1,NULL,159),(479,1,6,1,1,320,344,16,NULL,160),(480,2,6,1,1,90,97,5,NULL,160),(481,3,6,1,2,NULL,NULL,NULL,NULL,160),(482,1,6,1,1,740,796,37,NULL,161),(483,2,6,1,1,290,312,15,NULL,161),(484,3,6,1,2,30,32,6,NULL,161),(485,1,6,1,1,1560,1677,78,NULL,162),(486,2,6,1,1,320,344,16,NULL,162),(487,3,6,1,2,15,16,3,NULL,162),(488,1,6,1,1,800,860,40,NULL,163),(489,2,6,1,1,90,97,5,NULL,163),(490,3,6,1,2,NULL,NULL,NULL,NULL,163),(491,1,6,1,1,1280,1376,64,NULL,164),(492,2,6,1,1,370,398,19,NULL,164),(493,3,6,1,2,NULL,NULL,NULL,NULL,164),(494,1,6,1,1,1120,1204,56,NULL,165),(495,2,6,1,1,210,226,11,NULL,165),(496,3,6,1,2,15,16,3,NULL,165),(497,1,6,1,1,NULL,NULL,NULL,NULL,166),(498,2,6,1,1,NULL,NULL,NULL,NULL,166),(499,3,6,1,2,NULL,NULL,NULL,NULL,166),(500,1,6,1,1,80,86,4,NULL,167),(501,2,6,1,1,NULL,NULL,NULL,NULL,167),(502,3,6,1,2,NULL,NULL,NULL,NULL,167),(503,1,6,1,1,140,151,7,NULL,168),(504,2,6,1,1,40,43,2,NULL,168),(505,3,6,1,2,NULL,NULL,NULL,NULL,168),(506,1,6,1,1,1100,1183,55,NULL,169),(507,2,6,1,1,510,548,26,NULL,169),(508,3,6,1,2,NULL,NULL,NULL,NULL,169),(509,1,6,1,1,200,215,10,NULL,170),(510,2,6,1,1,110,118,6,NULL,170),(511,3,6,1,2,10,11,2,NULL,170),(512,1,6,1,1,700,753,35,NULL,171),(513,2,6,1,1,280,301,14,NULL,171),(514,3,6,1,2,NULL,NULL,NULL,NULL,171),(515,1,6,1,1,400,430,20,NULL,172),(516,2,6,1,1,145,156,7,NULL,172),(517,3,6,1,2,NULL,NULL,NULL,NULL,172),(518,1,6,1,1,440,473,22,NULL,173),(519,2,6,1,1,170,183,9,NULL,173),(520,3,6,1,2,NULL,NULL,NULL,NULL,173),(521,1,6,1,1,740,796,37,NULL,174),(522,2,6,1,1,165,177,85,NULL,174),(523,3,6,1,2,5,5,1,NULL,174),(524,1,6,1,1,600,645,30,NULL,175),(525,2,6,1,1,130,140,7,NULL,175),(526,3,6,1,2,NULL,NULL,NULL,NULL,175),(527,1,6,1,1,500,538,25,NULL,176),(528,2,6,1,1,265,285,13,NULL,176),(529,3,6,1,2,NULL,NULL,NULL,NULL,176),(530,1,6,1,1,600,645,30,NULL,177),(531,2,6,1,1,205,220,10,NULL,177),(532,3,6,1,2,NULL,NULL,NULL,NULL,177),(533,1,6,1,1,NULL,NULL,NULL,NULL,178),(534,2,6,1,1,NULL,NULL,NULL,NULL,178),(535,3,6,1,2,NULL,NULL,NULL,NULL,178),(536,1,6,1,1,380,409,19,NULL,179),(537,2,6,1,1,165,177,8,NULL,179),(538,3,6,1,2,60,65,3,NULL,179),(539,1,6,1,1,800,860,40,NULL,180),(540,2,6,1,1,270,290,14,NULL,180),(541,3,6,1,2,NULL,NULL,NULL,NULL,180),(542,1,6,1,1,4240,4558,212,NULL,181),(543,2,6,1,1,110,118,6,NULL,181),(544,3,6,1,2,25,27,5,NULL,181),(545,1,6,1,1,400,430,20,NULL,182),(546,2,6,1,1,180,194,9,NULL,182),(547,3,6,1,2,NULL,NULL,NULL,NULL,182),(548,1,6,1,1,400,430,20,NULL,183),(549,2,6,1,1,60,65,3,NULL,183),(550,3,6,1,2,NULL,NULL,NULL,NULL,183),(551,1,6,1,1,500,538,25,NULL,184),(552,2,6,1,1,265,285,13,NULL,184),(553,3,6,1,2,NULL,NULL,NULL,NULL,184),(554,1,6,1,1,400,430,20,NULL,185),(555,2,6,1,1,190,204,10,NULL,185),(556,3,6,1,2,10,11,2,NULL,185),(557,1,6,1,1,600,645,30,NULL,186),(558,2,6,1,1,210,226,11,NULL,186),(559,3,6,1,2,NULL,NULL,NULL,NULL,186),(560,1,6,1,1,1020,1097,51,NULL,187),(561,2,6,1,1,280,301,14,NULL,187),(562,3,6,1,2,5,5,1,NULL,187),(563,1,6,1,1,720,774,36,NULL,188),(564,2,6,1,1,190,204,10,NULL,188),(565,3,6,1,2,10,11,22,NULL,188),(566,1,6,1,1,NULL,NULL,NULL,NULL,189),(567,2,6,1,1,NULL,NULL,NULL,NULL,189),(568,3,6,1,2,NULL,NULL,NULL,NULL,189),(569,1,6,1,1,40,43,2,NULL,190),(570,2,6,1,1,20,22,12,NULL,190),(571,3,6,1,2,NULL,NULL,NULL,NULL,190),(572,1,6,1,1,820,882,41,NULL,191),(573,2,6,1,1,270,290,14,NULL,191),(574,3,6,1,2,15,16,3,NULL,191),(575,1,6,1,1,180,194,9,NULL,192),(576,2,6,1,1,275,296,14,NULL,192),(577,3,6,1,2,5,5,1,NULL,192),(578,1,6,1,1,280,301,14,NULL,193),(579,2,6,1,1,100,108,5,NULL,193),(580,3,6,1,2,15,16,3,NULL,193),(581,1,6,1,1,500,538,25,NULL,194),(582,2,6,1,1,NULL,NULL,NULL,NULL,194),(583,3,6,1,2,NULL,NULL,NULL,NULL,194),(584,1,6,1,1,380,409,19,NULL,195),(585,2,6,1,1,120,129,62,NULL,195),(586,3,6,1,2,NULL,NULL,NULL,NULL,195),(587,1,6,1,1,320,344,16,NULL,196),(588,2,6,1,1,40,43,2,NULL,196),(589,3,6,1,2,NULL,NULL,NULL,NULL,196),(590,1,6,1,1,400,430,20,NULL,197),(591,2,6,1,1,NULL,NULL,NULL,NULL,197),(592,3,6,1,2,NULL,NULL,NULL,NULL,197),(593,1,6,1,1,660,710,33,NULL,198),(594,2,6,1,1,120,129,6,NULL,198),(595,3,6,1,2,NULL,NULL,NULL,NULL,198),(596,1,7,1,1,800,860,40,NULL,199),(597,2,7,1,1,330,355,17,NULL,199),(598,3,7,1,2,15,16,3,NULL,199),(599,1,7,1,1,1040,1118,52,NULL,200),(600,2,7,1,1,115,124,6,NULL,200),(601,3,7,1,2,NULL,NULL,NULL,NULL,200),(602,1,7,1,1,1520,1634,76,NULL,201),(603,2,7,1,1,610,656,31,NULL,201),(604,3,7,1,2,10,11,2,NULL,201),(605,1,7,1,1,NULL,NULL,NULL,NULL,202),(606,2,7,1,1,NULL,NULL,NULL,NULL,202),(607,3,7,1,2,NULL,NULL,NULL,NULL,202),(608,1,7,1,1,1000,1075,50,NULL,203),(609,2,7,1,1,210,226,11,NULL,203),(610,3,7,1,2,NULL,NULL,NULL,NULL,203),(611,1,7,1,1,680,731,34,NULL,204),(612,2,7,1,1,820,882,41,NULL,204),(613,3,7,1,2,NULL,NULL,NULL,NULL,204),(614,1,7,1,1,340,366,17,NULL,205),(615,2,7,1,1,650,699,33,NULL,205),(616,3,7,1,2,10,11,2,NULL,205),(617,1,7,1,1,80,86,4,NULL,206),(618,2,7,1,1,30,32,2,NULL,206),(619,3,7,1,2,NULL,NULL,NULL,NULL,206),(620,1,7,1,1,820,882,41,NULL,207),(621,2,7,1,1,220,237,11,NULL,207),(622,3,7,1,2,NULL,NULL,NULL,NULL,207),(623,1,7,1,1,1000,1075,50,NULL,208),(624,2,7,1,1,640,688,32,NULL,208),(625,3,7,1,2,5,5,1,NULL,208),(626,1,7,1,1,1360,1462,68,NULL,209),(627,2,7,1,1,115,124,60,NULL,209),(628,3,7,1,2,10,11,25,NULL,209),(629,1,7,1,1,1280,1376,64,NULL,210),(630,2,7,1,1,480,516,24,NULL,210),(631,3,7,1,2,5,5,1,NULL,210),(632,1,7,1,1,1660,1785,83,NULL,211),(633,2,7,1,1,150,1616,8,NULL,211),(634,3,7,1,2,NULL,NULL,NULL,NULL,211),(635,1,7,1,1,2080,2236,104,NULL,212),(636,2,7,1,1,370,NULL,19,NULL,212),(637,3,7,1,2,NULL,NULL,NULL,NULL,212),(638,1,7,1,1,720,774,36,NULL,213),(639,2,7,1,1,490,527,25,NULL,213),(640,3,7,1,2,NULL,NULL,NULL,NULL,213),(641,1,7,1,1,1240,1333,62,NULL,214),(642,2,7,1,1,245,263,12,NULL,214),(643,3,7,1,2,NULL,NULL,NULL,NULL,214),(644,1,7,1,1,720,774,36,NULL,215),(645,2,7,1,1,405,435,20,NULL,215),(646,3,7,1,2,NULL,NULL,NULL,NULL,215),(647,1,7,1,1,NULL,NULL,NULL,NULL,216),(648,2,7,1,1,NULL,NULL,NULL,NULL,216),(649,3,7,1,2,NULL,NULL,NULL,NULL,216),(650,1,7,1,1,1340,1441,67,NULL,217),(651,2,7,1,1,290,312,15,NULL,217),(652,3,7,1,2,NULL,NULL,NULL,NULL,217),(653,1,7,1,1,1260,1355,63,NULL,218),(654,2,7,1,1,260,280,13,NULL,218),(655,3,7,1,2,10,11,2,NULL,218),(656,1,7,1,1,1660,1785,83,NULL,219),(657,2,7,1,1,370,398,19,NULL,219),(658,3,7,1,2,NULL,NULL,NULL,NULL,219),(659,1,7,1,1,1240,1333,62,NULL,220),(660,2,7,1,1,660,710,33,NULL,220),(661,3,7,1,2,30,32,62,NULL,220),(662,1,7,1,1,1800,1935,90,NULL,221),(663,2,7,1,1,220,237,11,NULL,221),(664,3,7,1,2,NULL,NULL,NULL,NULL,221),(665,1,7,1,1,1500,1613,75,NULL,222),(666,2,7,1,1,1245,1338,62,NULL,222),(667,3,7,1,2,25,27,5,NULL,222),(668,1,7,1,1,660,710,33,NULL,223),(669,2,7,1,1,85,91,42,NULL,223),(670,3,7,1,2,NULL,NULL,NULL,NULL,223),(671,1,7,1,1,100,108,52,NULL,224),(672,2,7,1,1,10,11,13,NULL,224),(673,3,7,1,2,NULL,NULL,NULL,NULL,224),(674,1,7,1,1,260,280,13,NULL,225),(675,2,7,1,1,30,32,2,NULL,225),(676,3,7,1,2,NULL,NULL,NULL,NULL,225),(677,1,7,1,1,740,796,37,NULL,226),(678,2,7,1,1,465,500,23,NULL,226),(679,3,7,1,2,NULL,NULL,NULL,NULL,226),(680,1,7,1,1,2040,2193,102,NULL,227),(681,2,7,1,1,155,167,8,NULL,227),(682,3,7,1,2,NULL,NULL,NULL,NULL,227),(683,1,7,1,1,900,968,45,NULL,228),(684,2,7,1,1,405,435,20,NULL,228),(685,3,7,1,2,40,42,8,NULL,228),(686,1,7,1,1,640,688,32,NULL,229),(687,2,7,1,1,490,527,25,NULL,229),(688,3,7,1,2,NULL,NULL,NULL,NULL,229),(689,1,7,1,1,1260,1355,63,NULL,230),(690,2,7,1,1,175,188,9,NULL,230),(691,3,7,1,2,NULL,NULL,NULL,NULL,230),(692,1,7,1,1,880,946,44,NULL,231),(693,2,7,1,1,270,290,14,NULL,231),(694,3,7,1,2,10,11,2,NULL,231),(695,1,7,1,1,1380,1484,69,NULL,232),(696,2,7,1,1,85,91,4,NULL,232),(697,3,7,1,2,NULL,NULL,NULL,NULL,232),(698,1,7,1,1,820,882,41,NULL,233),(699,2,7,1,1,200,215,10,NULL,233),(700,3,7,1,2,5,5,1,NULL,233),(701,1,7,1,1,760,817,38,NULL,234),(702,2,7,1,1,470,505,24,NULL,234),(703,3,7,1,2,10,11,2,NULL,234),(704,1,7,1,1,1460,1570,73,NULL,235),(705,2,7,1,1,765,822,38,NULL,235),(706,3,7,1,2,10,11,2,NULL,235),(707,1,7,1,1,280,301,14,NULL,236),(708,2,7,1,1,10,11,1,NULL,236),(709,3,7,1,2,NULL,NULL,NULL,NULL,236),(710,1,7,1,1,NULL,NULL,NULL,NULL,237),(711,2,7,1,1,NULL,NULL,NULL,NULL,237),(712,3,7,1,2,NULL,NULL,NULL,NULL,237),(713,1,7,1,1,340,366,17,NULL,238),(714,2,7,1,1,100,108,5,NULL,238),(715,3,7,1,2,15,16,3,NULL,238),(716,1,7,1,1,960,1032,48,NULL,239),(717,2,7,1,1,520,559,26,NULL,239),(718,3,7,1,2,NULL,NULL,NULL,NULL,239),(719,1,7,1,1,1200,1290,60,NULL,240),(720,2,7,1,1,410,441,212,NULL,240),(721,3,7,1,2,35,37,70,NULL,240),(722,1,7,1,1,800,860,40,NULL,241),(723,2,7,1,1,170,183,9,NULL,241),(724,3,7,1,2,NULL,NULL,NULL,NULL,241),(725,1,7,1,1,720,774,36,NULL,242),(726,2,7,1,1,210,226,110,NULL,242),(727,3,7,1,2,10,11,22,NULL,242),(728,1,7,1,1,660,710,33,NULL,243),(729,2,7,1,1,510,548,26,NULL,243),(730,3,7,1,2,25,27,50,NULL,243),(731,1,7,1,1,660,710,33,NULL,244),(732,2,7,1,1,210,226,11,NULL,244),(733,3,7,1,2,30,32,6,NULL,244),(734,1,7,1,1,680,731,34,NULL,245),(735,2,7,1,1,330,355,17,NULL,245),(736,3,7,1,2,NULL,NULL,NULL,NULL,245),(737,1,8,1,1,1000,1075,50,NULL,246),(738,2,8,1,1,320,344,16,NULL,246),(739,3,8,1,2,10,11,2,NULL,246),(740,1,8,1,1,1320,1419,66,NULL,247),(741,2,8,1,1,250,269,13,NULL,247),(742,3,8,1,2,25,27,59,NULL,247),(743,1,8,1,1,1440,1548,72,NULL,248),(744,2,8,1,1,500,538,25,NULL,248),(745,3,8,1,2,25,27,52,NULL,248),(746,1,8,1,1,220,237,11,NULL,249),(747,2,8,1,1,380,409,19,NULL,249),(748,3,8,1,2,NULL,NULL,NULL,NULL,249),(749,1,8,1,1,1120,1204,56,NULL,250),(750,2,8,1,1,205,220,104,NULL,250),(751,3,8,1,2,NULL,NULL,NULL,NULL,250),(752,1,8,1,1,980,1054,49,NULL,251),(753,2,8,1,1,655,704,33,NULL,251),(754,3,8,1,2,NULL,NULL,NULL,NULL,251),(755,1,8,1,1,360,387,18,NULL,252),(756,2,8,1,1,19,11,1,NULL,252),(757,3,8,1,2,NULL,NULL,NULL,NULL,252),(758,1,8,1,1,440,473,22,NULL,253),(759,2,8,1,1,460,495,23,NULL,253),(760,3,8,1,2,NULL,NULL,NULL,NULL,253),(761,1,8,1,1,940,1011,47,NULL,254),(762,2,8,1,1,175,188,9,NULL,254),(763,3,8,1,2,NULL,NULL,NULL,NULL,254),(764,1,8,1,1,1060,1140,53,NULL,255),(765,2,8,1,1,840,903,42,NULL,255),(766,3,8,1,2,10,11,2,NULL,255),(767,1,8,1,1,1740,1871,87,NULL,256),(768,2,8,1,1,200,215,10,NULL,256),(769,3,8,1,2,10,11,2,NULL,256),(770,1,8,1,1,1240,1333,62,NULL,257),(771,2,8,1,1,465,500,23,NULL,257),(772,3,8,1,2,10,11,2,NULL,257),(773,1,8,1,1,1560,1677,78,NULL,258),(774,2,8,1,1,455,489,23,NULL,258),(775,3,8,1,2,NULL,NULL,NULL,NULL,258),(776,1,8,1,1,2500,2688,125,NULL,259),(777,2,8,1,1,620,667,31,NULL,259),(778,3,8,1,2,NULL,NULL,NULL,NULL,259),(779,1,8,1,1,1280,1376,64,NULL,260),(780,2,8,1,1,625,672,31,NULL,260),(781,3,8,1,2,NULL,NULL,NULL,NULL,260),(782,1,8,1,1,1900,2043,95,NULL,261),(783,2,8,1,1,365,392,18,NULL,261),(784,3,8,1,2,NULL,NULL,NULL,NULL,261),(785,1,8,1,1,580,624,29,NULL,262),(786,2,8,1,1,310,333,16,NULL,262),(787,3,8,1,2,NULL,NULL,NULL,NULL,262),(788,1,8,1,1,820,882,41,NULL,263),(789,2,8,1,1,130,140,7,NULL,263),(790,3,8,1,2,10,11,2,NULL,263),(791,1,8,1,1,1640,1763,82,NULL,264),(792,2,8,1,1,390,419,20,NULL,264),(793,3,8,1,2,NULL,NULL,NULL,NULL,264),(794,1,8,1,1,1880,2021,94,NULL,265),(795,2,8,1,1,265,285,13,NULL,265),(796,3,8,1,2,NULL,NULL,NULL,NULL,265),(797,1,8,1,1,1920,2064,96,NULL,266),(798,2,8,1,1,225,242,11,NULL,266),(799,3,8,1,2,NULL,NULL,NULL,NULL,266),(800,1,8,1,1,3160,3397,158,NULL,267),(801,2,8,1,1,975,1048,49,NULL,267),(802,3,8,1,2,15,16,36,NULL,267),(803,1,8,1,1,1860,2000,93,NULL,268),(804,2,8,1,1,210,226,11,NULL,268),(805,3,8,1,2,10,11,2,NULL,268),(806,1,8,1,1,2520,2709,126,NULL,269),(807,2,8,1,1,990,1064,50,NULL,269),(808,3,8,1,2,5,5,1,NULL,269),(809,1,8,1,1,1340,1441,67,NULL,270),(810,2,8,1,1,330,355,17,NULL,270),(811,3,8,1,2,NULL,NULL,NULL,NULL,270),(812,1,8,1,1,NULL,NULL,NULL,NULL,271),(813,2,8,1,1,NULL,NULL,NULL,NULL,271),(814,3,8,1,2,NULL,NULL,NULL,NULL,271),(815,1,8,1,1,200,215,10,NULL,272),(816,2,8,1,1,330,355,17,NULL,272),(817,3,8,1,2,NULL,NULL,NULL,NULL,272),(818,1,8,1,1,800,860,40,NULL,273),(819,2,8,1,1,410,441,21,NULL,273),(820,3,8,1,2,NULL,NULL,NULL,NULL,273),(821,1,8,1,1,1600,1720,80,NULL,274),(822,2,8,1,1,405,435,20,NULL,274),(823,3,8,1,2,NULL,NULL,NULL,NULL,274),(824,1,8,1,1,4780,5139,239,NULL,275),(825,2,8,1,1,220,237,11,NULL,275),(826,3,8,1,2,35,37,7,NULL,275),(827,1,8,1,1,1040,1118,52,NULL,276),(828,2,8,1,1,500,538,25,NULL,276),(829,3,8,1,2,NULL,NULL,NULL,NULL,276),(830,1,8,1,1,1460,1570,73,NULL,277),(831,2,8,1,1,170,183,9,NULL,277),(832,3,8,1,2,NULL,NULL,NULL,NULL,277),(833,1,8,1,1,1360,1462,68,NULL,278),(834,2,8,1,1,610,656,31,NULL,278),(835,3,8,1,2,NULL,NULL,NULL,NULL,278),(836,1,8,1,1,960,1032,48,NULL,279),(837,2,8,1,1,335,360,17,NULL,279),(838,3,8,1,2,35,37,7,NULL,279),(839,1,8,1,1,1440,1548,72,NULL,280),(840,2,8,1,1,280,301,14,NULL,280),(841,3,8,1,2,10,11,2,NULL,280),(842,1,8,1,1,740,796,37,NULL,281),(843,2,8,1,1,500,538,25,NULL,281),(844,3,8,1,2,10,11,22,NULL,281),(845,1,8,1,1,2100,2258,105,NULL,282),(846,2,8,1,1,360,387,18,NULL,282),(847,3,8,1,2,10,11,2,NULL,282),(848,1,8,1,1,180,194,9,NULL,283),(849,2,8,1,1,NULL,NULL,NULL,NULL,283),(850,3,8,1,2,NULL,NULL,NULL,NULL,283),(851,1,8,1,1,20,22,1,NULL,284),(852,2,8,1,1,NULL,NULL,NULL,NULL,284),(853,3,8,1,2,NULL,NULL,NULL,NULL,284),(854,1,8,1,1,140,151,7,NULL,285),(855,2,8,1,1,440,473,22,NULL,285),(856,3,8,1,2,10,11,2,NULL,285),(857,1,8,1,1,620,667,31,NULL,286),(858,2,8,1,1,310,333,16,NULL,286),(859,3,8,1,2,NULL,NULL,NULL,NULL,286),(860,1,8,1,1,1020,1097,51,NULL,287),(861,2,8,1,1,290,312,15,NULL,287),(862,3,8,1,2,3615,16,3,NULL,287),(863,1,8,1,1,760,817,38,NULL,288),(864,2,8,1,1,570,613,29,NULL,288),(865,3,8,1,2,60,64,12,NULL,288),(866,1,8,1,1,1000,1075,50,NULL,289),(867,2,8,1,1,245,263,12,NULL,289),(868,3,8,1,2,NULL,NULL,NULL,NULL,289),(869,1,8,1,1,1040,1118,52,NULL,290),(870,2,8,1,1,210,226,11,NULL,290),(871,3,8,1,2,NULL,NULL,NULL,NULL,290),(872,1,8,1,1,1300,1398,65,NULL,291),(873,2,8,1,1,260,280,13,NULL,291),(874,3,8,1,2,90,95,18,NULL,291),(875,1,8,1,1,1180,1269,59,NULL,292),(876,2,8,1,1,290,312,15,NULL,292),(877,3,8,1,2,NULL,NULL,NULL,NULL,292),(878,1,9,1,1,840,903,42,NULL,293),(879,2,9,1,1,530,570,27,NULL,293),(880,3,9,1,2,35,37,7,NULL,293),(881,1,9,1,1,1180,1269,59,NULL,294),(882,2,9,1,1,165,177,8,NULL,294),(883,3,9,1,2,20,21,4,NULL,294),(884,1,9,1,1,1820,1957,91,NULL,295),(885,2,9,1,1,880,946,44,NULL,295),(886,3,9,1,2,5,5,1,NULL,295),(887,1,9,1,1,NULL,NULL,NULL,NULL,296),(888,2,9,1,1,NULL,NULL,NULL,NULL,296),(889,3,9,1,2,NULL,NULL,NULL,NULL,296),(890,1,9,1,1,1620,1742,81,NULL,297),(891,2,9,1,1,250,269,13,NULL,297),(892,3,9,1,2,25,27,5,NULL,297),(893,1,9,1,1,300,323,15,NULL,298),(894,2,9,1,1,750,806,38,NULL,298),(895,3,9,1,2,5,5,1,NULL,298),(896,1,9,1,1,340,366,17,NULL,299),(897,2,9,1,1,520,559,26,NULL,299),(898,3,9,1,2,NULL,NULL,NULL,NULL,299),(899,1,9,1,1,180,194,9,NULL,300),(900,2,9,1,1,200,215,10,NULL,300),(901,3,9,1,2,NULL,NULL,NULL,NULL,300),(902,1,9,1,1,820,882,41,NULL,301),(903,2,9,1,1,115,124,6,NULL,301),(904,3,9,1,2,NULL,NULL,NULL,NULL,301),(905,1,9,1,1,1140,1226,57,NULL,302),(906,2,9,1,1,1125,1209,56,NULL,302),(907,3,9,1,2,25,27,5,NULL,302),(908,1,9,1,1,1780,1914,89,NULL,303),(909,2,9,1,1,440,473,22,NULL,303),(910,3,9,1,2,20,21,4,NULL,303),(911,1,9,1,1,2200,2365,110,NULL,304),(912,2,9,1,1,635,683,32,NULL,304),(913,3,9,1,2,25,27,5,NULL,304),(914,1,9,1,1,2480,2666,124,NULL,305),(915,2,9,1,1,715,769,36,NULL,305),(916,3,9,1,2,NULL,NULL,NULL,NULL,305),(917,1,9,1,1,2640,2838,132,NULL,306),(918,2,9,1,1,780,839,39,NULL,306),(919,3,9,1,2,5,5,12,NULL,306),(920,1,9,1,1,1640,1763,82,NULL,307),(921,2,9,1,1,1125,1209,56,NULL,307),(922,3,9,1,2,5,5,1,NULL,307),(923,1,9,1,1,1560,1677,78,NULL,308),(924,2,9,1,1,485,521,24,NULL,308),(925,3,9,1,2,NULL,NULL,NULL,NULL,308),(926,1,9,1,1,980,1054,49,NULL,309),(927,2,9,1,1,495,532,25,NULL,309),(928,3,9,1,2,NULL,NULL,NULL,NULL,309),(929,1,9,1,1,NULL,NULL,NULL,NULL,310),(930,2,9,1,1,NULL,NULL,NULL,NULL,310),(931,3,9,1,2,NULL,NULL,NULL,NULL,310),(932,1,9,1,1,1620,1742,81,NULL,311),(933,2,9,1,1,480,516,24,NULL,311),(934,3,9,1,2,NULL,NULL,NULL,NULL,311),(935,1,9,1,1,1460,1570,73,NULL,312),(936,2,9,1,1,355,382,18,NULL,312),(937,3,9,1,2,NULL,NULL,NULL,NULL,312),(938,1,9,1,1,1960,2107,98,NULL,313),(939,2,9,1,1,470,505,24,NULL,313),(940,3,9,1,2,NULL,NULL,NULL,NULL,313),(941,1,9,1,1,600,645,30,NULL,314),(942,2,9,1,1,855,919,43,NULL,314),(943,3,9,1,2,65,69,13,NULL,314),(944,1,9,1,1,2280,2451,114,NULL,315),(945,2,9,1,1,300,323,15,NULL,315),(946,3,9,1,2,15,16,3,NULL,315),(947,1,9,1,1,2220,2387,111,NULL,316),(948,2,9,1,1,780,839,39,NULL,316),(949,3,9,1,2,10,11,2,NULL,316),(950,1,9,1,1,880,946,44,NULL,317),(951,2,9,1,1,270,290,14,NULL,317),(952,3,9,1,2,10,11,2,NULL,317),(953,1,9,1,1,NULL,NULL,NULL,NULL,318),(954,2,9,1,1,NULL,NULL,NULL,NULL,318),(955,3,9,1,2,NULL,NULL,NULL,NULL,318),(956,1,9,1,1,80,86,4,NULL,319),(957,2,9,1,1,70,75,4,NULL,319),(958,3,9,1,2,NULL,NULL,NULL,NULL,319),(959,1,9,1,1,600,645,30,NULL,320),(960,2,9,1,1,310,333,16,NULL,320),(961,3,9,1,2,NULL,NULL,NULL,NULL,320),(962,1,9,1,1,1960,2107,98,NULL,321),(963,2,9,1,1,355,382,18,NULL,321),(964,3,9,1,2,5,5,1,NULL,321),(965,1,9,1,1,960,1032,48,NULL,322),(966,2,9,1,1,580,624,29,NULL,322),(967,3,9,1,2,50,53,10,NULL,322),(968,1,9,1,1,960,1032,48,NULL,323),(969,2,9,1,1,580,624,29,NULL,323),(970,3,9,1,2,NULL,NULL,NULL,NULL,323),(971,1,9,1,1,1400,1505,70,NULL,324),(972,2,9,1,1,1900,204,10,NULL,324),(973,3,9,1,2,NULL,NULL,NULL,NULL,324),(974,1,9,1,1,1040,1118,52,NULL,325),(975,2,9,1,1,350,376,18,NULL,325),(976,3,9,1,2,10,11,2,NULL,325),(977,1,9,1,1,1440,1548,72,NULL,326),(978,2,9,1,1,285,306,1440,NULL,326),(979,3,9,1,2,NULL,NULL,NULL,NULL,326),(980,1,9,1,1,1080,1161,54,NULL,327),(981,2,9,1,1,260,280,13,NULL,327),(982,3,9,1,2,10,11,2,NULL,327),(983,1,9,1,1,780,839,39,NULL,328),(984,2,9,1,1,415,446,212,NULL,328),(985,3,9,1,2,5,5,1,NULL,328),(986,1,9,1,1,1300,1398,65,NULL,329),(987,2,9,1,1,855,919,43,NULL,329),(988,3,9,1,2,5,5,1,NULL,329),(989,1,9,1,1,220,237,11,NULL,330),(990,2,9,1,1,30,32,2,NULL,330),(991,3,9,1,2,NULL,NULL,NULL,NULL,330),(992,1,9,1,1,NULL,NULL,NULL,NULL,331),(993,2,9,1,1,NULL,NULL,NULL,NULL,331),(994,3,9,1,2,NULL,NULL,NULL,NULL,331),(995,1,9,1,1,280,301,14,NULL,332),(996,2,9,1,1,175,188,9,NULL,332),(997,3,9,1,2,5,5,1,NULL,332),(998,1,9,1,1,1200,1290,60,NULL,333),(999,2,9,1,1,645,693,32,NULL,333),(1000,3,9,1,2,10,11,2,NULL,333),(1001,1,9,1,1,780,839,39,NULL,334),(1002,2,9,1,1,395,425,20,NULL,334),(1003,3,9,1,2,40,42,80,NULL,334),(1004,1,9,1,1,740,796,37,NULL,335),(1005,2,9,1,1,350,376,18,NULL,335),(1006,3,9,1,2,35,37,7,NULL,335),(1007,1,9,1,1,880,946,44,NULL,336),(1008,2,9,1,1,165,177,8,NULL,336),(1009,3,9,1,2,NULL,NULL,NULL,NULL,336),(1010,1,9,1,1,280,301,14,NULL,337),(1011,2,9,1,1,60,65,3,NULL,337),(1012,3,9,1,2,20,21,4,NULL,337),(1013,1,9,1,1,900,968,45,NULL,338),(1014,2,9,1,1,215,231,11,NULL,338),(1015,3,9,1,2,45,48,9,NULL,338),(1016,1,9,1,1,980,1054,49,NULL,339),(1017,2,9,1,1,370,398,19,NULL,339),(1018,3,9,1,2,NULL,NULL,NULL,NULL,339),(1019,1,11,1,1,360,387,18,NULL,340),(1020,2,11,1,1,250,269,13,NULL,340),(1021,3,11,1,2,NULL,NULL,NULL,NULL,340),(1022,1,11,1,1,1280,1376,64,NULL,341),(1023,2,11,1,1,255,274,13,NULL,341),(1024,3,11,1,2,5,5,1,NULL,341),(1025,1,11,1,1,1920,2064,96,NULL,342),(1026,2,11,1,1,510,548,26,NULL,342),(1027,3,11,1,2,NULL,NULL,NULL,NULL,342),(1028,1,11,1,1,80,86,4,NULL,343),(1029,2,11,1,1,330,355,17,NULL,343),(1030,3,11,1,2,NULL,NULL,NULL,NULL,343),(1031,1,11,1,1,320,344,16,NULL,344),(1032,2,11,1,1,140,151,7,NULL,344),(1033,3,11,1,2,NULL,NULL,NULL,NULL,344),(1034,1,11,1,1,800,860,40,NULL,345),(1035,2,11,1,1,70,75,41,NULL,345),(1036,3,11,1,2,NULL,NULL,NULL,NULL,345),(1037,1,11,1,1,6120,129,6,NULL,346),(1038,2,11,1,1,30,32,2,NULL,346),(1039,3,11,1,2,NULL,NULL,NULL,NULL,346),(1040,1,11,1,1,400,430,20,NULL,347),(1041,2,11,1,1,340,366,17,NULL,347),(1042,3,11,1,2,NULL,NULL,NULL,NULL,347),(1043,1,11,1,1,900,968,45,NULL,348),(1044,2,11,1,1,150,161,8,NULL,348),(1045,3,11,1,2,10,11,2,NULL,348),(1046,1,11,1,1,760,817,38,NULL,349),(1047,2,11,1,1,660,710,33,NULL,349),(1048,3,11,1,2,NULL,NULL,NULL,NULL,349),(1049,1,11,1,1,640,688,32,NULL,350),(1050,2,11,1,1,320,344,16,NULL,350),(1051,3,11,1,2,NULL,NULL,NULL,NULL,350),(1052,1,11,1,1,680,731,34,NULL,351),(1053,2,11,1,1,320,344,16,NULL,351),(1054,3,11,1,2,NULL,NULL,NULL,NULL,351),(1055,1,11,1,1,520,559,26,NULL,352),(1056,2,11,1,1,620,667,31,NULL,352),(1057,3,11,1,2,5,5,1,NULL,352),(1058,1,11,1,1,1760,1892,88,NULL,353),(1059,2,11,1,1,670,720,34,NULL,353),(1060,3,11,1,2,NULL,NULL,NULL,NULL,353),(1061,1,11,1,1,740,796,37,NULL,354),(1062,2,11,1,1,540,581,27,NULL,354),(1063,3,11,1,2,NULL,NULL,NULL,NULL,354),(1064,1,11,1,1,1260,1355,63,NULL,355),(1065,2,11,1,1,275,296,14,NULL,355),(1066,3,11,1,2,5,5,1,NULL,355),(1067,1,11,1,1,NULL,NULL,NULL,NULL,356),(1068,2,11,1,1,NULL,NULL,NULL,NULL,356),(1069,3,11,1,2,NULL,NULL,NULL,NULL,356),(1070,1,11,1,1,600,645,30,NULL,357),(1071,2,11,1,1,285,306,14,NULL,357),(1072,3,11,1,2,20,21,4,NULL,357),(1073,1,11,1,1,760,817,38,NULL,358),(1074,2,11,1,1,470,505,24,NULL,358),(1075,3,11,1,2,NULL,NULL,NULL,NULL,358),(1076,1,11,1,1,620,667,31,NULL,359),(1077,2,11,1,1,570,613,29,NULL,359),(1078,3,11,1,2,5,5,1,NULL,359),(1079,1,11,1,1,960,1032,48,NULL,360),(1080,2,11,1,1,1012,1088,51,NULL,360),(1081,3,11,1,2,NULL,NULL,NULL,NULL,360),(1082,1,11,1,1,1200,1290,60,NULL,361),(1083,2,11,1,1,1103,1186,55,NULL,361),(1084,3,11,1,2,45,48,9,NULL,361),(1085,1,11,1,1,1100,1183,55,NULL,362),(1086,2,11,1,1,225,242,11,NULL,362),(1087,3,11,1,2,NULL,NULL,NULL,NULL,362),(1088,1,11,1,1,1400,1505,70,NULL,363),(1089,2,11,1,1,750,806,38,NULL,363),(1090,3,11,1,2,20,21,4,NULL,363),(1091,1,11,1,1,860,925,43,NULL,364),(1092,2,11,1,1,145,156,7,NULL,364),(1093,3,11,1,2,25,27,5,NULL,364),(1094,1,11,1,1,60,65,3,NULL,365),(1095,2,11,1,1,NULL,NULL,NULL,NULL,365),(1096,3,11,1,2,NULL,NULL,NULL,NULL,365),(1097,1,11,1,1,120,129,6,NULL,366),(1098,2,11,1,1,65,70,3,NULL,366),(1099,3,11,1,2,NULL,NULL,NULL,NULL,366),(1100,1,11,1,1,280,301,14,NULL,367),(1101,2,11,1,1,115,124,6,NULL,367),(1102,3,11,1,2,NULL,NULL,NULL,NULL,367),(1103,1,11,1,1,1060,1140,53,NULL,368),(1104,2,11,1,1,345,371,17,NULL,368),(1105,3,11,1,2,NULL,NULL,NULL,NULL,368),(1106,1,11,1,1,260,280,13,NULL,369),(1107,2,11,1,1,130,140,78,NULL,369),(1108,3,11,1,2,15,16,3,NULL,369),(1109,1,11,1,1,380,409,19,NULL,370),(1110,2,11,1,1,265,285,13,NULL,370),(1111,3,11,1,2,NULL,NULL,NULL,NULL,370),(1112,1,11,1,1,1060,1140,53,NULL,371),(1113,2,11,1,1,130,140,7,NULL,371),(1114,3,11,1,2,NULL,NULL,NULL,NULL,371),(1115,1,11,1,1,420,452,21,NULL,372),(1116,2,11,1,1,205,220,10,NULL,372),(1117,3,11,1,2,NULL,NULL,NULL,NULL,372),(1118,1,11,1,1,320,344,16,NULL,373),(1119,2,11,1,1,235,253,12,NULL,373),(1120,3,11,1,2,10,11,2,NULL,373),(1121,1,11,1,1,320,344,16,NULL,374),(1122,2,11,1,1,205,220,10,NULL,374),(1123,3,11,1,2,NULL,NULL,NULL,NULL,374),(1124,1,11,1,1,340,366,17,NULL,375),(1125,2,11,1,1,300,323,15,NULL,375),(1126,3,11,1,2,5,5,1,NULL,375),(1127,1,11,1,1,880,946,44,NULL,376),(1128,2,11,1,1,260,280,13,NULL,376),(1129,3,11,1,2,10,11,2,NULL,376),(1130,1,11,1,1,NULL,NULL,NULL,NULL,377),(1131,2,11,1,1,NULL,NULL,NULL,NULL,377),(1132,3,11,1,2,NULL,NULL,NULL,NULL,377),(1133,1,11,1,1,40,43,2,NULL,378),(1134,2,11,1,1,20,22,1,NULL,378),(1135,3,11,1,2,NULL,NULL,NULL,NULL,378),(1136,1,11,1,1,200,215,10,NULL,379),(1137,2,11,1,1,390,419,20,NULL,379),(1138,3,11,1,2,30,32,6,NULL,379),(1139,1,11,1,1,580,624,29,NULL,380),(1140,2,11,1,1,320,344,16,NULL,380),(1141,3,11,1,2,NULL,NULL,NULL,NULL,380),(1142,1,11,1,1,280,301,14,NULL,381),(1143,2,11,1,1,240,258,12,NULL,381),(1144,3,11,1,2,50,53,10,NULL,381),(1145,1,11,1,1,700,753,35,NULL,382),(1146,2,11,1,1,385,414,19,NULL,382),(1147,3,11,1,2,10,11,2,NULL,382),(1148,1,11,1,1,340,366,17,NULL,383),(1149,2,11,1,1,265,285,13,NULL,383),(1150,3,11,1,2,5,5,1,NULL,383),(1151,1,11,1,1,460,495,23,NULL,384),(1152,2,11,1,1,60,65,3,NULL,384),(1153,3,11,1,2,NULL,NULL,NULL,NULL,384),(1154,1,11,1,1,520,559,26,NULL,385),(1155,2,11,1,1,205,220,10,NULL,385),(1156,3,11,1,2,35,37,7,NULL,385),(1157,1,11,1,1,600,645,30,NULL,386),(1158,2,11,1,1,230,247,12,NULL,386),(1159,3,11,1,2,NULL,NULL,NULL,NULL,386),(1160,1,12,1,1,840,903,42,NULL,387),(1161,2,12,1,1,340,366,17,NULL,387),(1162,3,12,1,2,10,11,2,NULL,387),(1163,1,12,1,1,940,1011,47,NULL,388),(1164,2,12,1,1,160,172,8,NULL,388),(1165,3,12,1,2,25,27,5,NULL,388),(1166,1,12,1,1,1460,1570,73,NULL,389),(1167,2,12,1,1,305,328,15,NULL,389),(1168,3,12,1,2,NULL,NULL,NULL,NULL,389),(1169,1,12,1,1,NULL,NULL,NULL,NULL,390),(1170,2,12,1,1,20,22,1,NULL,390),(1171,3,12,1,2,NULL,NULL,NULL,NULL,390),(1172,1,12,1,1,1500,1613,75,NULL,391),(1173,2,12,1,1,240,258,12,NULL,391),(1174,3,12,1,2,NULL,NULL,NULL,NULL,391),(1175,1,12,1,1,500,538,25,NULL,392),(1176,2,12,1,1,660,710,33,NULL,392),(1177,3,12,1,2,NULL,NULL,NULL,NULL,392),(1178,1,12,1,1,360,387,18,NULL,393),(1179,2,12,1,1,280,301,14,NULL,393),(1180,3,12,1,2,10,11,2,NULL,393),(1181,1,12,1,1,20,22,1,NULL,394),(1182,2,12,1,1,NULL,NULL,NULL,NULL,394),(1183,3,12,1,2,NULL,NULL,NULL,NULL,394),(1184,1,12,1,1,820,882,41,NULL,395),(1185,2,12,1,1,250,269,13,NULL,395),(1186,3,12,1,2,10,11,2,NULL,395),(1187,1,12,1,1,680,731,34,NULL,396),(1188,2,12,1,1,640,688,32,NULL,396),(1189,3,12,1,2,NULL,NULL,NULL,NULL,396),(1190,1,12,1,1,880,946,44,NULL,397),(1191,2,12,1,1,335,360,17,NULL,397),(1192,3,12,1,2,10,11,2,NULL,397),(1193,1,12,1,1,1520,1634,76,NULL,398),(1194,2,12,1,1,400,430,20,NULL,398),(1195,3,12,1,2,NULL,NULL,NULL,NULL,398),(1196,1,12,1,1,1520,1634,76,NULL,399),(1197,2,12,1,1,320,344,16,NULL,399),(1198,3,12,1,2,NULL,NULL,NULL,NULL,399),(1199,1,12,1,1,2180,2344,109,NULL,400),(1200,2,12,1,1,517,556,26,NULL,400),(1201,3,12,1,2,NULL,NULL,NULL,NULL,400),(1202,1,12,1,1,860,925,43,NULL,401),(1203,2,12,1,1,590,634,30,NULL,401),(1204,3,12,1,2,NULL,NULL,NULL,NULL,401),(1205,1,12,1,1,1060,1140,53,NULL,402),(1206,2,12,1,1,200,215,10,NULL,402),(1207,3,12,1,2,NULL,NULL,NULL,NULL,402),(1208,1,12,1,1,960,1032,48,NULL,403),(1209,2,12,1,1,390,419,20,NULL,403),(1210,3,12,1,2,NULL,NULL,NULL,NULL,403),(1211,1,12,1,1,NULL,NULL,NULL,NULL,404),(1212,2,12,1,1,NULL,NULL,NULL,NULL,404),(1213,3,12,1,2,NULL,NULL,NULL,NULL,404),(1214,1,12,1,1,1220,1312,61,NULL,405),(1215,2,12,1,1,420,452,21,NULL,405),(1216,3,12,1,2,NULL,NULL,NULL,NULL,405),(1217,1,12,1,1,1600,1720,80,NULL,406),(1218,2,12,1,1,195,210,10,NULL,406),(1219,3,12,1,2,10,11,22,NULL,406),(1220,1,12,1,1,1420,1527,71,NULL,407),(1221,2,12,1,1,160,172,8,NULL,407),(1222,3,12,1,2,NULL,NULL,NULL,NULL,407),(1223,1,12,1,1,860,925,43,NULL,408),(1224,2,12,1,1,690,742,35,NULL,408),(1225,3,12,1,2,10,11,2,NULL,408),(1226,1,12,1,1,1680,1806,84,NULL,409),(1227,2,12,1,1,160,172,8,NULL,409),(1228,3,12,1,2,15,16,3,NULL,409),(1229,1,12,1,1,1520,1634,76,NULL,410),(1230,2,12,1,1,480,516,24,NULL,410),(1231,3,12,1,2,10,11,2,NULL,410),(1232,1,12,1,1,1120,1204,56,NULL,411),(1233,2,12,1,1,220,237,11,NULL,411),(1234,3,12,1,2,10,11,2,NULL,411),(1235,1,12,1,1,NULL,NULL,NULL,NULL,412),(1236,2,12,1,1,NULL,NULL,NULL,NULL,412),(1237,3,12,1,2,NULL,NULL,NULL,NULL,412),(1238,1,12,1,1,100,108,5,NULL,413),(1239,2,12,1,1,NULL,NULL,NULL,NULL,413),(1240,3,12,1,2,NULL,NULL,NULL,NULL,413),(1241,1,12,1,1,360,387,18,NULL,414),(1242,2,12,1,1,160,172,82,NULL,414),(1243,3,12,1,2,NULL,NULL,NULL,NULL,414),(1244,1,12,1,1,980,1054,49,NULL,415),(1245,2,12,1,1,160,172,8,NULL,415),(1246,3,12,1,2,NULL,NULL,NULL,NULL,415),(1247,1,12,1,1,960,1032,48,NULL,416),(1248,2,12,1,1,410,441,21,NULL,416),(1249,3,12,1,2,10,16,30,NULL,416),(1250,1,12,1,1,820,882,41,NULL,417),(1251,2,12,1,1,410,441,21,NULL,417),(1252,3,12,1,2,NULL,NULL,NULL,NULL,417),(1253,1,12,1,1,780,839,39,NULL,418),(1254,2,12,1,1,130,140,78,NULL,418),(1255,3,12,1,2,NULL,NULL,NULL,NULL,418),(1256,1,12,1,1,720,774,36,NULL,419),(1257,2,12,1,1,180,194,90,NULL,419),(1258,3,12,1,2,NULL,NULL,NULL,NULL,419),(1259,1,12,1,1,440,473,22,NULL,420),(1260,2,12,1,1,125,134,65,NULL,420),(1261,3,12,1,2,10,11,2,NULL,420),(1262,1,12,1,1,920,989,46,NULL,421),(1263,2,12,1,1,210,226,11,NULL,421),(1264,3,12,1,2,NULL,NULL,NULL,NULL,421),(1265,1,12,1,1,800,860,40,NULL,422),(1266,2,12,1,1,450,484,23,NULL,422),(1267,3,12,1,2,5,5,1,NULL,422),(1268,1,12,1,1,1600,1720,80,NULL,423),(1269,2,12,1,1,400,430,20,NULL,423),(1270,3,12,1,2,10,11,20,NULL,423),(1271,1,12,1,1,200,215,10,NULL,424),(1272,2,12,1,1,30,32,2,NULL,424),(1273,3,12,1,2,NULL,NULL,NULL,NULL,424),(1274,1,12,1,1,NULL,NULL,NULL,NULL,425),(1275,2,12,1,1,NULL,NULL,NULL,NULL,425),(1276,3,12,1,2,NULL,NULL,NULL,NULL,425),(1277,1,12,1,1,380,409,19,NULL,426),(1278,2,12,1,1,270,290,14,NULL,426),(1279,3,12,1,2,30,32,6,NULL,426),(1280,1,12,1,1,920,989,46,NULL,427),(1281,2,12,1,1,325,349,16,NULL,427),(1282,3,12,1,2,NULL,NULL,NULL,NULL,427),(1283,1,12,1,1,700,753,35,NULL,428),(1284,2,12,1,1,285,306,14,NULL,428),(1285,3,12,1,2,15,16,3,NULL,428),(1286,1,12,1,1,720,774,36,NULL,429),(1287,2,12,1,1,380,409,19,NULL,429),(1288,3,12,1,2,10,11,2,NULL,429),(1289,1,12,1,1,980,1054,49,NULL,430),(1290,2,12,1,1,190,204,10,NULL,430),(1291,3,12,1,2,5,5,1,NULL,430),(1292,1,12,1,1,460,495,23,NULL,431),(1293,2,12,1,1,490,527,25,NULL,431),(1294,3,12,1,2,NULL,NULL,NULL,NULL,431),(1295,1,12,1,1,760,817,38,NULL,432),(1296,2,12,1,1,175,188,9,NULL,432),(1297,3,12,1,2,10,11,2,NULL,432),(1298,1,12,1,1,940,1011,47,NULL,433),(1299,2,12,1,1,330,355,17,NULL,433),(1300,3,12,1,2,NULL,NULL,NULL,NULL,433),(1301,1,NULL,1,1,840,903,42,NULL,434),(1302,2,NULL,1,1,470,505,24,NULL,434),(1303,3,NULL,1,2,20,21,4,NULL,434),(1304,1,NULL,1,1,960,1032,48,NULL,435),(1305,2,NULL,1,1,155,167,8,NULL,435),(1306,3,NULL,1,2,25,27,5,NULL,435),(1307,1,NULL,1,1,1820,1957,91,NULL,436),(1308,2,NULL,1,1,320,344,16,NULL,436),(1309,3,NULL,1,2,NULL,NULL,NULL,NULL,436),(1310,1,NULL,1,1,120,129,6,NULL,437),(1311,2,NULL,1,1,270,290,14,NULL,437),(1312,3,NULL,1,2,NULL,NULL,NULL,NULL,437),(1313,1,NULL,1,1,580,624,29,NULL,438),(1314,2,NULL,1,1,40,43,2,NULL,438),(1315,3,NULL,1,2,NULL,NULL,NULL,NULL,438),(1316,1,NULL,1,1,960,1032,48,NULL,439),(1317,2,NULL,1,1,515,554,26,NULL,439),(1318,3,NULL,1,2,NULL,NULL,NULL,NULL,439),(1319,1,NULL,1,1,720,774,36,NULL,440),(1320,2,NULL,1,1,20,22,1,NULL,440),(1321,3,NULL,1,2,10,11,2,NULL,440),(1322,1,NULL,1,1,360,387,18,NULL,441),(1323,2,NULL,1,1,390,419,20,NULL,441),(1324,3,NULL,1,2,NULL,NULL,NULL,NULL,441),(1325,1,NULL,1,1,740,796,37,NULL,442),(1326,2,NULL,1,1,110,118,6,NULL,442),(1327,3,NULL,1,2,10,11,2,NULL,442),(1328,1,NULL,1,1,900,968,45,NULL,443),(1329,2,NULL,1,1,535,575,27,NULL,443),(1330,3,NULL,1,2,NULL,NULL,NULL,NULL,443),(1331,1,NULL,1,1,1080,1161,54,NULL,444),(1332,2,NULL,1,1,110,118,6,NULL,444),(1333,3,NULL,1,2,NULL,NULL,NULL,NULL,444),(1334,1,NULL,1,1,1100,1183,55,NULL,445),(1335,2,NULL,1,1,380,409,19,NULL,445),(1336,3,NULL,1,2,NULL,NULL,NULL,NULL,445),(1337,1,NULL,1,1,580,624,29,NULL,446),(1338,2,NULL,1,1,290,312,15,NULL,446),(1339,3,NULL,1,2,NULL,NULL,NULL,NULL,446),(1340,1,NULL,1,1,1260,1355,63,NULL,447),(1341,2,NULL,1,1,440,473,22,NULL,447),(1342,3,NULL,1,2,NULL,NULL,NULL,NULL,447),(1343,1,NULL,1,1,520,559,26,NULL,448),(1344,2,NULL,1,1,355,382,18,NULL,448),(1345,3,NULL,1,2,NULL,NULL,NULL,NULL,448),(1346,1,NULL,1,1,1000,1075,50,NULL,449),(1347,2,NULL,1,1,220,237,11,NULL,449),(1348,3,NULL,1,2,10,11,2,NULL,449),(1349,1,NULL,1,1,NULL,NULL,NULL,NULL,450),(1350,2,NULL,1,1,NULL,NULL,NULL,NULL,450),(1351,3,NULL,1,2,NULL,NULL,NULL,NULL,450),(1352,1,NULL,1,1,1020,1097,51,NULL,451),(1353,2,NULL,1,1,400,430,20,NULL,451),(1354,3,NULL,1,2,NULL,NULL,NULL,NULL,451),(1355,1,NULL,1,1,1140,1226,57,NULL,452),(1356,2,NULL,1,1,260,280,13,NULL,452),(1357,3,NULL,1,2,NULL,NULL,NULL,NULL,452),(1358,1,NULL,1,1,1600,1720,80,NULL,453),(1359,2,NULL,1,1,170,183,9,NULL,453),(1360,3,NULL,1,2,NULL,NULL,NULL,NULL,453),(1361,1,NULL,1,1,1420,1527,71,NULL,454),(1362,2,NULL,1,1,230,247,12,NULL,454),(1363,3,NULL,1,2,NULL,NULL,NULL,NULL,454),(1364,1,NULL,1,1,860,925,43,NULL,455),(1365,2,NULL,1,1,460,495,23,NULL,455),(1366,3,NULL,1,2,175,186,35,NULL,455),(1367,1,NULL,1,1,1680,1806,84,NULL,456),(1368,2,NULL,1,1,220,237,11,NULL,456),(1369,3,NULL,1,2,NULL,NULL,NULL,NULL,456),(1370,1,NULL,1,1,1520,1634,76,NULL,457),(1371,2,NULL,1,1,920,989,46,NULL,457),(1372,3,NULL,1,2,125,133,25,NULL,457),(1373,1,NULL,1,1,1120,1204,56,NULL,458),(1374,2,NULL,1,1,130,140,7,NULL,458),(1375,3,NULL,1,2,100,106,20,NULL,458),(1376,1,NULL,1,1,NULL,NULL,NULL,NULL,459),(1377,2,NULL,1,1,NULL,NULL,NULL,NULL,459),(1378,3,NULL,1,2,NULL,NULL,NULL,NULL,459),(1379,1,NULL,1,1,100,108,5,NULL,460),(1380,2,NULL,1,1,80,86,4,NULL,460),(1381,3,NULL,1,2,NULL,NULL,NULL,NULL,460),(1382,1,NULL,1,1,360,387,18,NULL,461),(1383,2,NULL,1,1,145,156,7,NULL,461),(1384,3,NULL,1,2,NULL,NULL,NULL,NULL,461),(1385,1,NULL,1,1,980,1054,49,NULL,462),(1386,2,NULL,1,1,485,521,24,NULL,462),(1387,3,NULL,1,2,NULL,NULL,NULL,NULL,462),(1388,1,NULL,1,1,280,301,14,NULL,463),(1389,2,NULL,1,1,70,75,4,NULL,463),(1390,3,NULL,1,2,10,11,2,NULL,463),(1391,1,NULL,1,1,540,581,27,NULL,464),(1392,2,NULL,1,1,430,462,22,NULL,464),(1393,3,NULL,1,2,NULL,NULL,NULL,NULL,464),(1394,1,NULL,1,1,1100,1183,55,NULL,465),(1395,2,NULL,1,1,130,140,7,NULL,465),(1396,3,NULL,1,2,NULL,NULL,NULL,NULL,465),(1397,1,NULL,1,1,940,1011,47,NULL,466),(1398,2,NULL,1,1,440,473,22,NULL,466),(1399,3,NULL,1,2,NULL,NULL,NULL,NULL,466),(1400,1,NULL,1,1,560,602,28,NULL,467),(1401,2,NULL,1,1,310,333,16,NULL,467),(1402,3,NULL,1,2,40,42,8,NULL,467),(1403,1,NULL,1,1,1000,1075,50,NULL,468),(1404,2,NULL,1,1,180,194,9,NULL,468),(1405,3,NULL,1,2,10,11,2,NULL,468),(1406,1,NULL,1,1,380,409,19,NULL,469),(1407,2,NULL,1,1,450,484,23,NULL,469),(1408,3,NULL,1,2,5,5,1,NULL,469),(1409,1,NULL,1,1,1380,1484,69,NULL,470),(1410,2,NULL,1,1,400,430,20,NULL,470),(1411,3,NULL,1,2,5,5,1,NULL,470),(1412,1,NULL,1,1,NULL,NULL,NULL,NULL,471),(1413,2,NULL,1,1,NULL,NULL,NULL,NULL,471),(1414,3,NULL,1,2,NULL,NULL,NULL,NULL,471),(1415,1,NULL,1,1,NULL,NULL,NULL,NULL,472),(1416,2,NULL,1,1,10,11,1,NULL,472),(1417,3,NULL,1,2,NULL,NULL,NULL,NULL,472),(1418,1,NULL,1,1,760,817,38,NULL,473),(1419,2,NULL,1,1,330,355,17,NULL,473),(1420,3,NULL,1,2,5,5,1,NULL,473),(1421,1,NULL,1,1,540,581,27,NULL,474),(1422,2,NULL,1,1,375,403,19,NULL,474),(1423,3,NULL,1,2,NULL,NULL,NULL,NULL,474),(1424,1,NULL,1,1,1240,1333,62,NULL,475),(1425,2,NULL,1,1,240,258,12,NULL,475),(1426,3,NULL,1,2,10,11,2,NULL,475),(1427,1,NULL,1,1,600,645,30,NULL,476),(1428,2,NULL,1,1,305,328,15,NULL,476),(1429,3,NULL,1,2,NULL,NULL,NULL,NULL,476),(1430,1,NULL,1,1,940,1011,47,NULL,477),(1431,2,NULL,1,1,175,188,9,NULL,477),(1432,3,NULL,1,2,NULL,NULL,NULL,NULL,477),(1433,1,NULL,1,1,600,645,30,NULL,478),(1434,2,NULL,1,1,85,91,4,NULL,478),(1435,3,NULL,1,2,NULL,NULL,NULL,NULL,478),(1436,1,NULL,1,1,880,946,44,NULL,479),(1437,2,NULL,1,1,NULL,NULL,NULL,NULL,479),(1438,3,NULL,1,2,40,42,8,NULL,479),(1439,1,NULL,1,1,720,774,36,NULL,480),(1440,2,NULL,1,1,230,247,12,NULL,480),(1441,3,NULL,1,2,NULL,NULL,NULL,NULL,480),(1442,1,NULL,1,1,1040,1118,52,NULL,481),(1443,2,NULL,1,1,440,473,22,NULL,481),(1444,3,NULL,1,2,10,11,2,NULL,481),(1445,1,NULL,1,1,1180,1269,59,NULL,482),(1446,2,NULL,1,1,160,172,85,NULL,482),(1447,3,NULL,1,2,10,11,25,NULL,482),(1448,1,NULL,1,1,1780,1914,89,NULL,483),(1449,2,NULL,1,1,360,387,18,NULL,483),(1450,3,NULL,1,2,5,5,1,NULL,483),(1451,1,NULL,1,1,NULL,NULL,NULL,NULL,484),(1452,2,NULL,1,1,NULL,NULL,NULL,NULL,484),(1453,3,NULL,1,2,NULL,NULL,NULL,NULL,484),(1454,1,NULL,1,1,1520,1634,76,NULL,485),(1455,2,NULL,1,1,120,129,6,NULL,485),(1456,3,NULL,1,2,25,27,5,NULL,485),(1457,1,NULL,1,1,680,731,34,NULL,486),(1458,2,NULL,1,1,260,280,13,NULL,486),(1459,3,NULL,1,2,NULL,NULL,NULL,NULL,486),(1460,1,NULL,1,1,240,258,12,NULL,487),(1461,2,NULL,1,1,455,489,23,NULL,487),(1462,3,NULL,1,2,NULL,NULL,NULL,NULL,487),(1463,1,NULL,1,1,100,108,5,NULL,488),(1464,2,NULL,1,1,25,27,1,NULL,488),(1465,3,NULL,1,2,NULL,NULL,NULL,NULL,488),(1466,1,NULL,1,1,1140,1226,57,NULL,489),(1467,2,NULL,1,1,135,145,70,NULL,489),(1468,3,NULL,1,2,10,11,2,NULL,489),(1469,1,NULL,1,1,1340,1441,67,NULL,490),(1470,2,NULL,1,1,610,656,31,NULL,490),(1471,3,NULL,1,2,15,16,3,NULL,490),(1472,1,NULL,1,1,1580,1699,79,NULL,491),(1473,2,NULL,1,1,260,280,13,NULL,491),(1474,3,NULL,1,2,15,16,3,NULL,491),(1475,1,NULL,1,1,1960,2107,98,NULL,492),(1476,2,NULL,1,1,511,549,26,NULL,492),(1477,3,NULL,1,2,5,5,1,NULL,492),(1478,1,NULL,1,1,2520,2709,126,NULL,493),(1479,2,NULL,1,1,400,430,20,NULL,493),(1480,3,NULL,1,2,NULL,NULL,NULL,NULL,493),(1481,1,NULL,1,1,2040,2193,102,NULL,494),(1482,2,NULL,1,1,640,688,32,NULL,494),(1483,3,NULL,1,2,NULL,NULL,NULL,NULL,494),(1484,1,NULL,1,1,1240,1333,62,NULL,495),(1485,2,NULL,1,1,555,597,28,NULL,495),(1486,3,NULL,1,2,NULL,NULL,NULL,NULL,495),(1487,1,NULL,1,1,1780,1914,89,NULL,496),(1488,2,NULL,1,1,335,360,17,NULL,496),(1489,3,NULL,1,2,10,11,2,NULL,496),(1490,1,NULL,1,1,1260,1355,63,NULL,497),(1491,2,NULL,1,1,220,237,11,NULL,497),(1492,3,NULL,1,2,10,11,2,NULL,497),(1493,1,NULL,1,1,NULL,NULL,NULL,NULL,498),(1494,2,NULL,1,1,NULL,NULL,NULL,NULL,498),(1495,3,NULL,1,2,NULL,NULL,NULL,NULL,498),(1496,1,NULL,1,1,1520,1634,76,NULL,499),(1497,2,NULL,1,1,390,419,20,NULL,499),(1498,3,NULL,1,2,NULL,NULL,NULL,NULL,499),(1499,1,NULL,1,1,2240,2408,112,NULL,500),(1500,2,NULL,1,1,225,242,112,NULL,500),(1501,3,NULL,1,2,10,11,25,NULL,500),(1502,1,NULL,1,1,2280,2451,114,NULL,501),(1503,2,NULL,1,1,230,247,12,NULL,501),(1504,3,NULL,1,2,NULL,NULL,NULL,NULL,501),(1505,1,NULL,1,1,1880,2021,94,NULL,502),(1506,2,NULL,1,1,870,935,44,NULL,502),(1507,3,NULL,1,2,20,21,40,NULL,502),(1508,1,NULL,1,1,1960,2107,98,NULL,503),(1509,2,NULL,1,1,230,247,12,NULL,503),(1510,3,NULL,1,2,15,16,3,NULL,503),(1511,1,NULL,1,1,2340,2516,117,NULL,504),(1512,2,NULL,1,1,990,1064,50,NULL,504),(1513,3,NULL,1,2,5,5,1,NULL,504),(1514,1,NULL,1,1,1360,1462,68,NULL,505),(1515,2,NULL,1,1,280,301,14,NULL,505),(1516,3,NULL,1,2,NULL,NULL,NULL,NULL,505),(1517,1,NULL,1,1,NULL,NULL,NULL,NULL,506),(1518,2,NULL,1,1,NULL,NULL,NULL,NULL,506),(1519,3,NULL,1,2,NULL,NULL,NULL,NULL,506),(1520,1,NULL,1,1,80,86,4,NULL,507),(1521,2,NULL,1,1,20,22,1,NULL,507),(1522,3,NULL,1,2,NULL,NULL,NULL,NULL,507),(1523,1,NULL,1,1,860,925,43,NULL,508),(1524,2,NULL,1,1,420,452,21,NULL,508),(1525,3,NULL,1,2,NULL,NULL,NULL,NULL,508),(1526,1,NULL,1,1,860,925,43,NULL,509),(1527,2,NULL,1,1,420,452,21,NULL,509),(1528,3,NULL,1,2,NULL,NULL,NULL,NULL,509),(1529,1,NULL,1,1,4940,5311,247,NULL,510),(1530,2,NULL,1,1,390,419,20,NULL,510),(1531,3,NULL,1,2,10,11,2,NULL,510),(1532,1,NULL,1,1,780,839,39,NULL,511),(1533,2,NULL,1,1,550,591,28,NULL,511),(1534,3,NULL,1,2,NULL,NULL,NULL,NULL,511),(1535,1,NULL,1,1,1700,1828,85,NULL,512),(1536,2,NULL,1,1,210,226,11,NULL,512),(1537,3,NULL,1,2,NULL,NULL,NULL,NULL,512),(1538,1,NULL,1,1,1220,1312,61,NULL,513),(1539,2,NULL,1,1,315,339,16,NULL,513),(1540,3,NULL,1,2,5,5,1,NULL,513),(1541,1,NULL,1,1,840,903,42,NULL,514),(1542,2,NULL,1,1,150,161,8,NULL,514),(1543,3,NULL,1,2,NULL,NULL,NULL,NULL,514),(1544,1,NULL,1,1,1380,1484,69,NULL,515),(1545,2,NULL,1,1,241,259,12,NULL,515),(1546,3,NULL,1,2,35,37,7,NULL,515),(1547,1,NULL,1,1,1060,1140,53,NULL,516),(1548,2,NULL,1,1,540,581,27,NULL,516),(1549,3,NULL,1,2,10,11,2,NULL,516),(1550,1,NULL,1,1,1960,2107,98,NULL,517),(1551,2,NULL,1,1,650,699,33,NULL,517),(1552,3,NULL,1,2,5,5,1,NULL,517),(1553,1,NULL,1,1,180,184,9,NULL,518),(1554,2,NULL,1,1,80,86,4,NULL,518),(1555,3,NULL,1,2,NULL,NULL,NULL,NULL,518),(1556,1,NULL,1,1,NULL,NULL,NULL,NULL,519),(1557,2,NULL,1,1,70,75,4,NULL,519),(1558,3,NULL,1,2,NULL,NULL,NULL,NULL,519),(1559,1,NULL,1,1,NULL,NULL,NULL,NULL,520),(1560,2,NULL,1,1,70,75,4,NULL,520),(1561,3,NULL,1,2,NULL,NULL,NULL,NULL,520),(1562,1,NULL,1,1,1000,1075,50,NULL,521),(1563,2,NULL,1,1,485,521,24,NULL,521),(1564,3,NULL,1,2,10,11,2,NULL,521),(1565,1,NULL,1,1,1440,1548,72,NULL,522),(1566,2,NULL,1,1,370,398,19,NULL,522),(1567,3,NULL,1,2,10,11,2,NULL,522),(1568,1,NULL,1,1,820,882,41,NULL,523),(1569,2,NULL,1,1,360,387,18,NULL,523),(1570,3,NULL,1,2,25,27,5,NULL,523),(1571,1,NULL,1,1,1540,1656,77,NULL,524),(1572,2,NULL,1,1,190,204,10,NULL,524),(1573,3,NULL,1,2,NULL,NULL,NULL,NULL,524),(1574,1,NULL,1,1,900,968,45,NULL,525),(1575,2,NULL,1,1,80,86,4,NULL,525),(1576,3,NULL,1,2,NULL,NULL,NULL,NULL,525),(1577,1,NULL,1,1,1260,1355,63,NULL,526),(1578,2,NULL,1,1,235,253,12,NULL,526),(1579,3,NULL,1,2,55,58,11,NULL,526),(1580,1,NULL,1,1,1580,1699,79,NULL,527),(1581,2,NULL,1,1,500,538,25,NULL,527),(1582,3,NULL,1,2,NULL,NULL,NULL,NULL,527),(1583,1,16,1,1,760,817,38,NULL,528),(1584,2,16,1,1,420,452,21,NULL,528),(1585,3,16,1,2,15,16,3,NULL,528),(1586,1,16,1,1,780,839,39,NULL,529),(1587,2,16,1,1,105,113,5,NULL,529),(1588,3,16,1,2,NULL,NULL,NULL,NULL,529),(1589,1,16,1,1,1800,1935,90,NULL,530),(1590,2,16,1,1,525,564,26,NULL,530),(1591,3,16,1,2,NULL,NULL,NULL,NULL,530),(1592,1,16,1,1,NULL,NULL,NULL,NULL,531),(1593,2,16,1,1,NULL,NULL,NULL,NULL,531),(1594,3,16,1,2,NULL,NULL,NULL,NULL,531),(1595,1,16,1,1,1680,1806,84,NULL,532),(1596,2,16,1,1,180,194,90,NULL,532),(1597,3,16,1,2,NULL,NULL,NULL,NULL,532),(1598,1,16,1,1,420,452,21,NULL,533),(1599,2,16,1,1,720,774,36,NULL,533),(1600,3,16,1,2,NULL,NULL,NULL,NULL,533),(1601,1,16,1,1,340,366,17,NULL,534),(1602,2,16,1,1,310,333,16,NULL,534),(1603,3,16,1,2,NULL,NULL,NULL,NULL,534),(1604,1,16,1,1,120,129,6,NULL,535),(1605,2,16,1,1,210,226,11,NULL,535),(1606,3,16,1,2,5,5,1,NULL,535),(1607,1,16,1,1,1060,1140,53,NULL,536),(1608,2,16,1,1,240,258,12,NULL,536),(1609,3,16,1,2,10,11,2,NULL,536),(1610,1,16,1,1,900,968,49,NULL,537),(1611,2,16,1,1,710,763,36,NULL,537),(1612,3,16,1,2,NULL,NULL,NULL,NULL,537),(1613,1,16,1,1,1100,1183,55,NULL,538),(1614,2,16,1,1,265,285,13,NULL,538),(1615,3,16,1,2,20,21,4,NULL,538),(1616,1,16,1,1,1380,1484,69,NULL,539),(1617,2,16,1,1,614,660,31,NULL,539),(1618,3,16,1,2,25,27,5,NULL,539),(1619,1,16,1,1,1080,1161,54,NULL,540),(1620,2,16,1,1,815,876,41,NULL,540),(1621,3,16,1,2,NULL,NULL,NULL,NULL,540),(1622,1,16,1,1,1900,2043,95,NULL,541),(1623,2,16,1,1,740,796,37,NULL,541),(1624,3,16,1,2,NULL,NULL,NULL,NULL,541),(1625,1,16,1,1,700,753,35,NULL,542),(1626,2,16,1,1,620,667,31,NULL,542),(1627,3,16,1,2,NULL,NULL,NULL,NULL,542),(1628,1,16,1,1,1240,1333,62,NULL,543),(1629,2,16,1,1,345,371,17,NULL,543),(1630,3,16,1,2,NULL,NULL,NULL,NULL,543),(1631,1,16,1,1,800,860,40,NULL,544),(1632,2,16,1,1,385,414,19,NULL,544),(1633,3,16,1,2,10,11,2,NULL,544),(1634,1,16,1,1,NULL,NULL,NULL,NULL,545),(1635,2,16,1,1,NULL,NULL,NULL,NULL,545),(1636,3,16,1,2,NULL,NULL,NULL,NULL,545),(1637,1,16,1,1,740,796,37,NULL,546),(1638,2,16,1,1,365,392,18,NULL,546),(1639,3,16,1,2,NULL,NULL,NULL,NULL,546),(1640,1,16,1,1,1120,1204,56,NULL,547),(1641,2,16,1,1,250,269,13,NULL,547),(1642,3,16,1,2,10,11,2,NULL,547),(1643,1,16,1,1,1340,1441,67,NULL,548),(1644,2,16,1,1,230,247,12,NULL,548),(1645,3,16,1,2,NULL,NULL,NULL,NULL,548),(1646,1,16,1,1,560,602,28,NULL,549),(1647,2,16,1,1,425,457,21,NULL,549),(1648,3,16,1,2,55,58,11,NULL,549),(1649,1,16,1,1,1640,1763,82,NULL,550),(1650,2,16,1,1,230,247,12,NULL,550),(1651,3,16,1,2,10,11,2,NULL,550),(1652,1,16,1,1,1420,1527,71,NULL,551),(1653,2,16,1,1,390,419,20,NULL,551),(1654,3,16,1,2,NULL,NULL,NULL,NULL,551),(1655,1,16,1,1,600,645,30,NULL,552),(1656,2,16,1,1,255,274,13,NULL,552),(1657,3,16,1,2,NULL,NULL,NULL,NULL,552),(1658,1,16,1,1,NULL,NULL,NULL,NULL,553),(1659,2,16,1,1,NULL,NULL,NULL,NULL,553),(1660,3,16,1,2,NULL,NULL,NULL,NULL,553),(1661,1,16,1,1,80,86,4,NULL,554),(1662,2,16,1,1,NULL,NULL,NULL,NULL,554),(1663,3,16,1,2,NULL,NULL,NULL,NULL,554),(1664,1,16,1,1,500,538,25,NULL,555),(1665,2,16,1,1,295,317,15,NULL,555),(1666,3,16,1,2,NULL,NULL,NULL,NULL,555),(1667,1,16,1,1,1300,1398,65,NULL,556),(1668,2,16,1,1,230,247,12,NULL,556),(1669,3,16,1,2,NULL,NULL,NULL,NULL,556),(1670,1,16,1,1,5120,5504,256,NULL,557),(1671,2,16,1,1,510,548,26,NULL,557),(1672,3,16,1,2,45,48,9,NULL,557),(1673,1,16,1,1,500,538,25,NULL,558),(1674,2,16,1,1,365,395,18,NULL,558),(1675,3,16,1,2,NULL,NULL,NULL,NULL,558),(1676,1,16,1,1,1200,1290,60,NULL,559),(1677,2,16,1,1,215,231,11,NULL,559),(1678,3,16,1,2,NULL,NULL,NULL,NULL,559),(1679,1,16,1,1,780,839,39,NULL,560),(1680,2,16,1,1,250,269,13,NULL,560),(1681,3,16,1,2,10,11,2,NULL,560),(1682,1,16,1,1,580,624,29,NULL,561),(1683,2,16,1,1,165,177,8,NULL,561),(1684,3,16,1,2,10,11,2,NULL,561),(1685,1,16,1,1,680,731,34,NULL,562),(1686,2,16,1,1,200,215,10,NULL,562),(1687,3,16,1,2,35,37,7,NULL,562),(1688,1,16,1,1,680,731,34,NULL,563),(1689,2,16,1,1,245,263,12,NULL,563),(1690,3,16,1,2,NULL,NULL,NULL,NULL,563),(1691,1,16,1,1,400,430,20,NULL,564),(1692,2,16,1,1,585,629,29,NULL,564),(1693,3,16,1,2,10,11,2,NULL,564),(1694,1,16,1,1,180,194,9,NULL,565),(1695,2,16,1,1,10,11,1,NULL,565),(1696,3,16,1,2,NULL,NULL,NULL,NULL,565),(1697,1,16,1,1,NULL,NULL,NULL,NULL,566),(1698,2,16,1,1,NULL,NULL,NULL,NULL,566),(1699,3,16,1,2,NULL,NULL,NULL,NULL,566),(1700,1,16,1,1,300,323,15,NULL,567),(1701,2,16,1,1,170,183,9,NULL,567),(1702,3,16,1,2,5,5,1,NULL,567),(1703,1,16,1,1,780,839,39,NULL,568),(1704,2,16,1,1,550,591,28,NULL,568),(1705,3,16,1,2,5,5,1,NULL,568),(1706,1,16,1,1,340,366,17,NULL,569),(1707,2,16,1,1,210,226,11,NULL,569),(1708,3,16,1,2,10,11,2,NULL,569),(1709,1,16,1,1,520,559,26,NULL,570),(1710,2,16,1,1,300,323,15,NULL,570),(1711,3,16,1,2,25,27,5,NULL,570),(1712,1,16,1,1,240,258,12,NULL,571),(1713,2,16,1,1,190,204,10,NULL,571),(1714,3,16,1,2,5,5,1,NULL,571),(1715,1,16,1,1,260,280,13,NULL,572),(1716,2,16,1,1,40,43,2,NULL,572),(1717,3,16,1,2,NULL,NULL,NULL,NULL,572),(1718,1,16,1,1,580,624,29,NULL,573),(1719,2,16,1,1,255,274,13,NULL,573),(1720,3,16,1,2,30,32,6,NULL,573),(1721,1,16,1,1,400,430,20,NULL,574),(1722,2,16,1,1,390,419,20,NULL,574),(1723,3,16,1,2,NULL,NULL,NULL,NULL,574),(1724,1,18,1,1,500,538,25,NULL,575),(1725,2,18,1,1,NULL,NULL,NULL,NULL,575),(1726,3,18,1,2,NULL,NULL,NULL,NULL,575),(1727,1,18,1,1,640,688,32,NULL,576),(1728,2,18,1,1,300,323,15,NULL,576),(1729,3,18,1,2,30,32,6,NULL,576),(1730,1,18,1,1,1820,1957,91,NULL,577),(1731,2,18,1,1,260,280,13,NULL,577),(1732,3,18,1,2,NULL,NULL,NULL,NULL,577),(1733,1,18,1,1,120,129,6,NULL,578),(1734,2,18,1,1,340,366,17,NULL,578),(1735,3,18,1,2,NULL,NULL,NULL,NULL,578),(1736,1,18,1,1,360,387,18,NULL,579),(1737,2,18,1,1,110,118,6,NULL,579),(1738,3,18,1,2,NULL,NULL,NULL,NULL,579),(1739,1,18,1,1,240,258,12,NULL,580),(1740,2,18,1,1,290,312,15,NULL,580),(1741,3,18,1,2,NULL,NULL,NULL,NULL,580),(1742,1,18,1,1,700,753,35,NULL,581),(1743,2,18,1,1,50,54,3,NULL,581),(1744,3,18,1,2,NULL,NULL,NULL,NULL,581),(1745,1,18,1,1,NULL,NULL,NULL,NULL,582),(1746,2,18,1,1,NULL,NULL,NULL,NULL,582),(1747,3,18,1,2,NULL,NULL,NULL,NULL,582),(1748,1,18,1,1,840,903,42,NULL,583),(1749,2,18,1,1,55,59,30,NULL,583),(1750,3,18,1,2,NULL,NULL,NULL,NULL,583),(1751,1,18,1,1,820,882,41,NULL,584),(1752,2,18,1,1,550,591,28,NULL,584),(1753,3,18,1,2,NULL,NULL,NULL,NULL,584),(1754,1,18,1,1,560,602,28,NULL,585),(1755,2,18,1,1,200,215,10,NULL,585),(1756,3,18,1,2,10,11,2,NULL,585),(1757,1,18,1,1,940,1011,47,NULL,586),(1758,2,18,1,1,270,290,14,NULL,586),(1759,3,18,1,2,NULL,NULL,NULL,NULL,586),(1760,1,18,1,1,520,559,26,NULL,587),(1761,2,18,1,1,155,167,8,NULL,587),(1762,3,18,1,2,5,5,1,NULL,587),(1763,1,18,1,1,1480,1591,74,NULL,588),(1764,2,18,1,1,390,419,20,NULL,588),(1765,3,18,1,2,NULL,NULL,NULL,NULL,588),(1766,1,18,1,1,460,495,23,NULL,589),(1767,2,18,1,1,440,473,22,NULL,589),(1768,3,18,1,2,NULL,NULL,NULL,NULL,589),(1769,1,18,1,1,1100,1183,55,NULL,590),(1770,2,18,1,1,270,290,14,NULL,590),(1771,3,18,1,2,NULL,NULL,NULL,NULL,590),(1772,1,18,1,1,NULL,NULL,NULL,NULL,591),(1773,2,18,1,1,NULL,NULL,NULL,NULL,591),(1774,3,18,1,2,NULL,NULL,NULL,NULL,591),(1775,1,18,1,1,660,710,33,NULL,592),(1776,2,18,1,1,195,210,10,NULL,592),(1777,3,18,1,2,15,16,3,NULL,592),(1778,1,18,1,1,880,946,44,NULL,593),(1779,2,18,1,1,275,296,14,NULL,593),(1780,3,18,1,2,NULL,NULL,NULL,NULL,593),(1781,1,18,1,1,580,624,29,NULL,594),(1782,2,18,1,1,110,118,6,NULL,594),(1783,3,18,1,2,10,11,2,NULL,594),(1784,1,18,1,1,1000,1075,50,NULL,595),(1785,2,18,1,1,180,194,9,NULL,595),(1786,3,18,1,2,NULL,NULL,NULL,NULL,595),(1787,1,18,1,1,460,495,23,NULL,596),(1788,2,18,1,1,848,912,42,NULL,596),(1789,3,18,1,2,15,16,3,NULL,596),(1790,1,18,1,1,1020,197,51,NULL,597),(1791,2,18,1,1,135,145,7,NULL,597),(1792,3,18,1,2,NULL,NULL,NULL,NULL,597),(1793,1,18,1,1,1420,1527,71,NULL,598),(1794,2,18,1,1,490,527,25,NULL,598),(1795,3,18,1,2,20,21,4,NULL,598),(1796,1,18,1,1,640,688,32,NULL,599),(1797,2,18,1,1,205,220,10,NULL,599),(1798,3,18,1,2,10,11,2,NULL,599),(1799,1,18,1,1,60,65,3,NULL,600),(1800,2,18,1,1,20,22,1,NULL,600),(1801,3,18,1,2,NULL,NULL,NULL,NULL,600),(1802,1,18,1,1,300,323,15,NULL,601),(1803,2,18,1,1,30,32,2,NULL,601),(1804,3,18,1,2,NULL,NULL,NULL,NULL,601),(1805,1,18,1,1,200,215,10,NULL,602),(1806,2,18,1,1,130,140,70,NULL,602),(1807,3,18,1,2,NULL,NULL,NULL,NULL,602),(1808,1,18,1,1,NULL,NULL,NULL,NULL,603),(1809,2,18,1,1,430,462,22,NULL,603),(1810,3,18,1,2,NULL,NULL,NULL,NULL,603),(1811,1,18,1,1,500,538,25,NULL,604),(1812,2,18,1,1,295,317,15,NULL,604),(1813,3,18,1,2,10,11,25,NULL,604),(1814,1,18,1,1,560,602,28,NULL,605),(1815,2,18,1,1,360,387,18,NULL,605),(1816,3,18,1,2,NULL,NULL,NULL,NULL,605),(1817,1,18,1,1,580,624,29,NULL,606),(1818,2,18,1,1,55,59,3,NULL,606),(1819,3,18,1,2,NULL,NULL,NULL,NULL,606),(1820,1,18,1,1,500,538,25,NULL,607),(1821,2,18,1,1,505,543,25,NULL,607),(1822,3,18,1,2,NULL,NULL,NULL,NULL,607),(1823,1,18,1,1,380,409,19,NULL,608),(1824,2,18,1,1,240,258,12,NULL,608),(1825,3,18,1,2,10,11,2,NULL,608),(1826,1,18,1,1,580,624,29,NULL,609),(1827,2,18,1,1,150,161,8,NULL,609),(1828,3,18,1,2,NULL,NULL,NULL,NULL,609),(1829,1,18,1,1,420,452,21,NULL,610),(1830,2,18,1,1,230,247,12,NULL,610),(1831,3,18,1,2,NULL,NULL,NULL,NULL,610),(1832,1,18,1,1,740,796,37,NULL,611),(1833,2,18,1,1,235,253,12,NULL,611),(1834,3,18,1,2,15,16,3,NULL,611),(1835,1,18,1,1,NULL,NULL,NULL,NULL,612),(1836,2,18,1,1,NULL,NULL,NULL,NULL,612),(1837,3,18,1,2,NULL,NULL,NULL,NULL,612),(1838,1,18,1,1,40,43,2,NULL,613),(1839,2,18,1,1,20,22,1,NULL,613),(1840,3,18,1,2,NULL,NULL,NULL,NULL,613),(1841,1,18,1,1,140,151,7,NULL,614),(1842,2,18,1,1,260,280,13,NULL,614),(1843,3,18,1,2,20,21,4,NULL,614),(1844,1,18,1,1,480,516,24,NULL,615),(1845,2,18,1,1,180,194,96,NULL,615),(1846,3,18,1,2,NULL,NULL,NULL,NULL,615),(1847,1,18,1,1,NULL,NULL,NULL,NULL,616),(1848,2,18,1,1,230,247,12,NULL,616),(1849,3,18,1,2,NULL,NULL,NULL,NULL,616),(1850,1,18,1,1,500,538,25,NULL,617),(1851,2,18,1,1,330,355,17,NULL,617),(1852,3,18,1,2,NULL,NULL,NULL,NULL,617),(1853,1,18,1,1,340,366,17,NULL,618),(1854,2,18,1,1,160,172,8,NULL,618),(1855,3,18,1,2,5,5,1,NULL,618),(1856,1,18,1,1,340,366,17,NULL,619),(1857,2,18,1,1,100,108,5,NULL,619),(1858,3,18,1,2,NULL,NULL,NULL,NULL,619),(1859,1,18,1,1,620,667,31,NULL,620),(1860,2,18,1,1,180,194,96,NULL,620),(1861,3,18,1,2,15,16,3,NULL,620),(1862,1,18,1,1,480,516,24,NULL,621),(1863,2,18,1,1,160,172,8,NULL,621),(1864,3,18,1,2,NULL,NULL,NULL,NULL,621),(1865,1,19,1,1,800,860,40,NULL,622),(1866,2,19,1,1,370,398,19,NULL,622),(1867,3,19,1,2,15,16,3,NULL,622),(1868,1,19,1,1,480,516,24,NULL,623),(1869,2,19,1,1,60,65,3,NULL,623),(1870,3,19,1,2,15,16,3,NULL,623),(1871,1,19,1,1,1680,1806,84,NULL,624),(1872,2,19,1,1,165,177,8,NULL,624),(1873,3,19,1,2,NULL,NULL,NULL,NULL,624),(1874,1,19,1,1,NULL,NULL,NULL,NULL,625),(1875,2,19,1,1,NULL,NULL,NULL,NULL,625),(1876,3,19,1,2,NULL,NULL,NULL,NULL,625),(1877,1,19,1,1,1540,1656,77,NULL,626),(1878,2,19,1,1,120,129,6,NULL,626),(1879,3,19,1,2,NULL,NULL,NULL,NULL,626),(1880,1,19,1,1,280,301,14,NULL,627),(1881,2,19,1,1,640,688,32,NULL,627),(1882,3,19,1,2,NULL,NULL,NULL,NULL,627),(1883,1,19,1,1,320,344,16,NULL,628),(1884,2,19,1,1,385,414,19,NULL,628),(1885,3,19,1,2,10,11,2,NULL,628),(1886,1,19,1,1,20,22,1,NULL,629),(1887,2,19,1,1,15,16,1,NULL,629),(1888,3,19,1,2,NULL,NULL,NULL,NULL,629),(1889,1,19,1,1,840,903,42,NULL,630),(1890,2,19,1,1,270,290,14,NULL,630),(1891,3,19,1,2,NULL,NULL,NULL,NULL,630),(1892,1,19,1,1,420,452,21,NULL,631),(1893,2,19,1,1,370,398,19,NULL,631),(1894,3,19,1,2,NULL,NULL,NULL,NULL,631),(1895,1,19,1,1,700,753,35,NULL,632),(1896,2,19,1,1,200,215,10,NULL,632),(1897,3,19,1,2,15,16,3,NULL,632),(1898,1,19,1,1,860,925,43,NULL,633),(1899,2,19,1,1,300,323,15,NULL,633),(1900,3,19,1,2,15,16,3,NULL,633),(1901,1,19,1,1,1000,1075,50,NULL,634),(1902,2,19,1,1,460,495,23,NULL,634),(1903,3,19,1,2,NULL,NULL,NULL,NULL,634),(1904,1,19,1,1,1260,1355,63,NULL,635),(1905,2,19,1,1,635,683,32,NULL,635),(1906,3,19,1,2,NULL,NULL,NULL,NULL,635),(1907,1,19,1,1,460,495,23,NULL,636),(1908,2,19,1,1,330,355,17,NULL,636),(1909,3,19,1,2,NULL,NULL,NULL,NULL,636),(1910,1,19,1,1,620,667,31,NULL,637),(1911,2,19,1,1,190,204,10,NULL,637),(1912,3,19,1,2,NULL,NULL,NULL,NULL,637),(1913,1,19,1,1,480,516,24,NULL,638),(1914,2,19,1,1,180,194,9,NULL,638),(1915,3,19,1,2,NULL,NULL,NULL,NULL,638),(1916,1,19,1,1,NULL,NULL,NULL,NULL,639),(1917,2,19,1,1,NULL,NULL,NULL,NULL,639),(1918,3,19,1,2,NULL,NULL,NULL,NULL,639),(1919,1,19,1,1,400,430,20,NULL,640),(1920,2,19,1,1,235,253,12,NULL,640),(1921,3,19,1,2,NULL,NULL,NULL,NULL,640),(1922,1,19,1,1,460,495,23,NULL,641),(1923,2,19,1,1,90,97,51,NULL,641),(1924,3,19,1,2,5,5,1,NULL,641),(1925,1,19,1,1,1140,1226,57,NULL,642),(1926,2,19,1,1,140,151,7,NULL,642),(1927,3,19,1,2,NULL,NULL,NULL,NULL,642),(1928,1,19,1,1,520,559,26,NULL,643),(1929,2,19,1,1,480,516,24,NULL,643),(1930,3,19,1,2,20,21,4,NULL,643),(1931,1,19,1,1,1160,1247,58,NULL,644),(1932,2,19,1,1,295,317,15,NULL,644),(1933,3,19,1,2,NULL,NULL,NULL,NULL,644),(1934,1,19,1,1,1440,1548,72,NULL,645),(1935,2,19,1,1,390,419,20,NULL,645),(1936,3,19,1,2,NULL,NULL,NULL,NULL,645),(1937,1,19,1,1,620,667,31,NULL,646),(1938,2,19,1,1,265,285,13,NULL,646),(1939,3,19,1,2,5,5,1,NULL,646),(1940,1,19,1,1,NULL,NULL,NULL,NULL,647),(1941,2,19,1,1,NULL,NULL,NULL,NULL,647),(1942,3,19,1,2,NULL,NULL,NULL,NULL,647),(1943,1,19,1,1,80,86,4,NULL,648),(1944,2,19,1,1,5,5,1,NULL,648),(1945,3,19,1,2,NULL,NULL,NULL,NULL,648),(1946,1,19,1,1,280,301,14,NULL,649),(1947,2,19,1,1,340,366,17,NULL,649),(1948,3,19,1,2,NULL,NULL,NULL,NULL,649),(1949,1,19,1,1,780,839,39,NULL,650),(1950,2,19,1,1,85,91,4,NULL,650),(1951,3,19,1,2,NULL,NULL,NULL,NULL,650),(1952,1,19,1,1,4780,5139,239,NULL,651),(1953,2,19,1,1,330,355,17,NULL,651),(1954,3,19,1,2,25,27,5,NULL,651),(1955,1,19,1,1,640,688,32,NULL,652),(1956,2,19,1,1,335,360,17,NULL,652),(1957,3,19,1,2,NULL,NULL,NULL,NULL,652),(1958,1,19,1,1,580,624,29,NULL,653),(1959,2,19,1,1,90,97,5,NULL,653),(1960,3,19,1,2,NULL,NULL,NULL,NULL,653),(1961,1,19,1,1,260,280,13,NULL,654),(1962,2,19,1,1,265,285,13,NULL,654),(1963,3,19,1,2,NULL,NULL,NULL,NULL,654),(1964,1,19,1,1,400,430,20,NULL,655),(1965,2,19,1,1,135,145,7,NULL,655),(1966,3,19,1,2,NULL,NULL,NULL,NULL,655),(1967,1,19,1,1,460,495,23,NULL,656),(1968,2,19,1,1,155,167,8,NULL,656),(1969,3,19,1,2,NULL,NULL,NULL,NULL,656),(1970,1,19,1,1,420,452,21,NULL,657),(1971,2,19,1,1,310,333,16,NULL,657),(1972,3,19,1,2,10,11,2,NULL,657),(1973,1,19,1,1,480,516,24,NULL,658),(1974,2,19,1,1,435,468,22,NULL,658),(1975,3,19,1,2,5,5,1,NULL,658),(1976,1,19,1,1,220,237,11,NULL,659),(1977,2,19,1,1,80,86,4,NULL,659),(1978,3,19,1,2,NULL,NULL,NULL,NULL,659),(1979,1,19,1,1,NULL,NULL,NULL,NULL,660),(1980,2,19,1,1,NULL,NULL,NULL,NULL,660),(1981,3,19,1,2,NULL,NULL,NULL,NULL,660),(1982,1,19,1,1,240,258,12,NULL,661),(1983,2,19,1,1,45,48,2,NULL,661),(1984,3,19,1,2,5,5,1,NULL,661),(1985,1,19,1,1,600,645,30,NULL,662),(1986,2,19,1,1,245,253,12,NULL,662),(1987,3,19,1,2,NULL,NULL,NULL,NULL,662),(1988,1,19,1,1,280,301,14,NULL,663),(1989,2,19,1,1,270,290,14,NULL,663),(1990,3,19,1,2,20,21,4,NULL,663),(1991,1,19,1,1,420,452,21,NULL,664),(1992,2,19,1,1,260,280,13,NULL,664),(1993,3,19,1,2,5,5,1,NULL,664),(1994,1,19,1,1,360,387,18,NULL,665),(1995,2,19,1,1,150,161,8,NULL,665),(1996,3,19,1,2,NULL,NULL,NULL,NULL,665),(1997,1,19,1,1,200,215,10,NULL,666),(1998,2,19,1,1,160,172,8,NULL,666),(1999,3,19,1,2,30,32,6,NULL,666),(2000,1,19,1,1,460,495,23,NULL,667),(2001,2,19,1,1,120,129,6,NULL,667),(2002,3,19,1,2,10,11,2,NULL,667),(2003,1,19,1,1,620,667,31,NULL,668),(2004,2,19,1,1,280,301,14,NULL,668),(2005,3,19,1,2,NULL,NULL,NULL,NULL,668),(2006,1,20,1,1,54,560,20,NULL,669),(2007,2,20,1,1,5,5,1,NULL,669),(2008,3,20,1,2,5,5,1,NULL,669),(2009,1,20,1,1,NULL,NULL,NULL,NULL,670),(2010,2,20,1,1,NULL,NULL,NULL,NULL,670),(2011,3,20,1,2,NULL,NULL,NULL,NULL,670),(2012,1,20,1,1,NULL,NULL,NULL,NULL,671),(2013,2,20,1,1,NULL,NULL,NULL,NULL,671),(2014,3,20,1,2,NULL,NULL,NULL,NULL,671),(2015,1,20,1,1,NULL,NULL,NULL,NULL,672),(2016,2,20,1,1,NULL,NULL,NULL,NULL,672),(2017,3,20,1,2,NULL,NULL,NULL,NULL,672),(2018,1,20,1,1,NULL,NULL,NULL,NULL,673),(2019,2,20,1,1,NULL,NULL,NULL,NULL,673),(2020,3,20,1,2,NULL,NULL,NULL,NULL,673),(2021,1,20,1,1,NULL,NULL,NULL,NULL,674),(2022,2,20,1,1,NULL,NULL,NULL,NULL,674),(2023,3,20,1,2,NULL,NULL,NULL,NULL,674),(2024,1,20,1,1,NULL,NULL,NULL,NULL,675),(2025,2,20,1,1,NULL,NULL,NULL,NULL,675),(2026,3,20,1,2,NULL,NULL,NULL,NULL,675),(2027,1,20,1,1,NULL,NULL,NULL,NULL,676),(2028,2,20,1,1,NULL,NULL,NULL,NULL,676),(2029,3,20,1,2,NULL,NULL,NULL,NULL,676),(2030,1,20,1,1,NULL,NULL,NULL,NULL,677),(2031,2,20,1,1,NULL,NULL,NULL,NULL,677),(2032,3,20,1,2,NULL,NULL,NULL,NULL,677),(2033,1,20,1,1,NULL,NULL,NULL,NULL,678),(2034,2,20,1,1,NULL,NULL,NULL,NULL,678),(2035,3,20,1,2,NULL,NULL,NULL,NULL,678),(2036,1,20,1,1,NULL,NULL,NULL,NULL,679),(2037,2,20,1,1,NULL,NULL,NULL,NULL,679),(2038,3,20,1,2,NULL,NULL,NULL,NULL,679),(2039,1,20,1,1,NULL,NULL,NULL,NULL,680),(2040,2,20,1,1,NULL,NULL,NULL,NULL,680),(2041,3,20,1,2,NULL,NULL,NULL,NULL,680),(2042,1,20,1,1,NULL,NULL,NULL,NULL,681),(2043,2,20,1,1,NULL,NULL,NULL,NULL,681),(2044,3,20,1,2,NULL,NULL,NULL,NULL,681),(2045,1,20,1,1,NULL,NULL,NULL,NULL,682),(2046,2,20,1,1,NULL,NULL,NULL,NULL,682),(2047,3,20,1,2,NULL,NULL,NULL,NULL,682),(2048,1,20,1,1,NULL,NULL,NULL,NULL,683),(2049,2,20,1,1,NULL,NULL,NULL,NULL,683),(2050,3,20,1,2,NULL,NULL,NULL,NULL,683),(2051,1,20,1,1,NULL,NULL,NULL,NULL,684),(2052,2,20,1,1,NULL,NULL,NULL,NULL,684),(2053,3,20,1,2,NULL,NULL,NULL,NULL,684),(2054,1,20,1,1,NULL,NULL,NULL,NULL,685),(2055,2,20,1,1,NULL,NULL,NULL,NULL,685),(2056,3,20,1,2,NULL,NULL,NULL,NULL,685),(2057,1,20,1,1,NULL,NULL,NULL,NULL,686),(2058,2,20,1,1,NULL,NULL,NULL,NULL,686),(2059,3,20,1,2,NULL,NULL,NULL,NULL,686),(2060,1,20,1,1,NULL,NULL,NULL,NULL,687),(2061,2,20,1,1,NULL,NULL,NULL,NULL,687),(2062,3,20,1,2,NULL,NULL,NULL,NULL,687),(2063,1,20,1,1,NULL,NULL,NULL,NULL,688),(2064,2,20,1,1,NULL,NULL,NULL,NULL,688),(2065,3,20,1,2,NULL,NULL,NULL,NULL,688),(2066,1,20,1,1,NULL,NULL,NULL,NULL,689),(2067,2,20,1,1,NULL,NULL,NULL,NULL,689),(2068,3,20,1,2,NULL,NULL,NULL,NULL,689),(2069,1,20,1,1,NULL,NULL,NULL,NULL,690),(2070,2,20,1,1,NULL,NULL,NULL,NULL,690),(2071,3,20,1,2,NULL,NULL,NULL,NULL,690),(2072,1,20,1,1,NULL,NULL,NULL,NULL,691),(2073,2,20,1,1,NULL,NULL,NULL,NULL,691),(2074,3,20,1,2,NULL,NULL,NULL,NULL,691),(2075,1,20,1,1,NULL,NULL,NULL,NULL,692),(2076,2,20,1,1,NULL,NULL,NULL,NULL,692),(2077,3,20,1,2,NULL,NULL,NULL,NULL,692),(2078,1,20,1,1,NULL,NULL,NULL,NULL,693),(2079,2,20,1,1,NULL,NULL,NULL,NULL,693),(2080,3,20,1,2,NULL,NULL,NULL,NULL,693),(2081,1,20,1,1,NULL,NULL,NULL,NULL,694),(2082,2,20,1,1,NULL,NULL,NULL,NULL,694),(2083,3,20,1,2,NULL,NULL,NULL,NULL,694),(2084,1,20,1,1,NULL,NULL,NULL,NULL,695),(2085,2,20,1,1,NULL,NULL,NULL,NULL,695),(2086,3,20,1,2,NULL,NULL,NULL,NULL,695),(2087,1,20,1,1,NULL,NULL,NULL,NULL,696),(2088,2,20,1,1,NULL,NULL,NULL,NULL,696),(2089,3,20,1,2,NULL,NULL,NULL,NULL,696),(2090,1,20,1,1,NULL,NULL,NULL,NULL,697),(2091,2,20,1,1,NULL,NULL,NULL,NULL,697),(2092,3,20,1,2,NULL,NULL,NULL,NULL,697),(2093,1,20,1,1,NULL,NULL,NULL,NULL,698),(2094,2,20,1,1,NULL,NULL,NULL,NULL,698),(2095,3,20,1,2,NULL,NULL,NULL,NULL,698),(2096,1,20,1,1,NULL,NULL,NULL,NULL,699),(2097,2,20,1,1,NULL,NULL,NULL,NULL,699),(2098,3,20,1,2,NULL,NULL,NULL,NULL,699),(2099,1,20,1,1,NULL,NULL,NULL,NULL,700),(2100,2,20,1,1,NULL,NULL,NULL,NULL,700),(2101,3,20,1,2,NULL,NULL,NULL,NULL,700),(2102,1,20,1,1,NULL,NULL,NULL,NULL,701),(2103,2,20,1,1,NULL,NULL,NULL,NULL,701),(2104,3,20,1,2,NULL,NULL,NULL,NULL,701),(2105,1,20,1,1,NULL,NULL,NULL,NULL,702),(2106,2,20,1,1,NULL,NULL,NULL,NULL,702),(2107,3,20,1,2,NULL,NULL,NULL,NULL,702),(2108,1,20,1,1,NULL,NULL,NULL,NULL,703),(2109,2,20,1,1,NULL,NULL,NULL,NULL,703),(2110,3,20,1,2,NULL,NULL,NULL,NULL,703),(2111,1,20,1,1,NULL,NULL,NULL,NULL,704),(2112,2,20,1,1,NULL,NULL,NULL,NULL,704),(2113,3,20,1,2,NULL,NULL,NULL,NULL,704),(2114,1,20,1,1,NULL,NULL,NULL,NULL,705),(2115,2,20,1,1,NULL,NULL,NULL,NULL,705),(2116,3,20,1,2,NULL,NULL,NULL,NULL,705),(2117,1,20,1,1,NULL,NULL,NULL,NULL,706),(2118,2,20,1,1,NULL,NULL,NULL,NULL,706),(2119,3,20,1,2,NULL,NULL,NULL,NULL,706),(2120,1,20,1,1,NULL,NULL,NULL,NULL,707),(2121,2,20,1,1,NULL,NULL,NULL,NULL,707),(2122,3,20,1,2,NULL,NULL,NULL,NULL,707),(2123,1,20,1,1,NULL,NULL,NULL,NULL,708),(2124,2,20,1,1,NULL,NULL,NULL,NULL,708),(2125,3,20,1,2,NULL,NULL,NULL,NULL,708),(2126,1,20,1,1,NULL,NULL,NULL,NULL,709),(2127,2,20,1,1,NULL,NULL,NULL,NULL,709),(2128,3,20,1,2,NULL,NULL,NULL,NULL,709),(2129,1,20,1,1,NULL,NULL,NULL,NULL,710),(2130,2,20,1,1,NULL,NULL,NULL,NULL,710),(2131,3,20,1,2,NULL,NULL,NULL,NULL,710),(2132,1,20,1,1,NULL,NULL,NULL,NULL,711),(2133,2,20,1,1,NULL,NULL,NULL,NULL,711),(2134,3,20,1,2,NULL,NULL,NULL,NULL,711),(2135,1,20,1,1,NULL,NULL,NULL,NULL,712),(2136,2,20,1,1,NULL,NULL,NULL,NULL,712),(2137,3,20,1,2,NULL,NULL,NULL,NULL,712),(2138,1,20,1,1,NULL,NULL,NULL,NULL,713),(2139,2,20,1,1,NULL,NULL,NULL,NULL,713),(2140,3,20,1,2,NULL,NULL,NULL,NULL,713),(2141,1,20,1,1,NULL,NULL,NULL,NULL,714),(2142,2,20,1,1,NULL,NULL,NULL,NULL,714),(2143,3,20,1,2,NULL,NULL,NULL,NULL,714),(2144,1,20,1,1,NULL,NULL,NULL,NULL,715),(2145,2,20,1,1,NULL,NULL,NULL,NULL,715),(2146,3,20,1,2,NULL,NULL,NULL,NULL,715);
/*!40000 ALTER TABLE `sig_det_sol` ENABLE KEYS */;
UNLOCK TABLES;

--
-- Table structure for table `sig_env_sen`
--

DROP TABLE IF EXISTS `sig_env_sen`;
/*!40101 SET @saved_cs_client     = @@character_set_client */;
/*!40101 SET character_set_client = utf8 */;
CREATE TABLE `sig_env_sen` (
  `id` int(11) NOT NULL AUTO_INCREMENT,
  `codigo` varchar(255) COLLATE utf8_unicode_ci NOT NULL,
  `nombre` varchar(255) COLLATE utf8_unicode_ci NOT NULL,
  PRIMARY KEY (`id`),
  UNIQUE KEY `UNIQ_7F0AA5E43A909126` (`nombre`)
) ENGINE=InnoDB AUTO_INCREMENT=3 DEFAULT CHARSET=utf8 COLLATE=utf8_unicode_ci;
/*!40101 SET character_set_client = @saved_cs_client */;

--
-- Dumping data for table `sig_env_sen`
--

LOCK TABLES `sig_env_sen` WRITE;
/*!40000 ALTER TABLE `sig_env_sen` DISABLE KEYS */;
INSERT INTO `sig_env_sen` VALUES (1,'6','BOLSAS/ BOLSITAS'),(2,'8','CAJN');
/*!40000 ALTER TABLE `sig_env_sen` ENABLE KEYS */;
UNLOCK TABLES;

--
-- Table structure for table `sig_grpo_solic`
--

DROP TABLE IF EXISTS `sig_grpo_solic`;
/*!40101 SET @saved_cs_client     = @@character_set_client */;
/*!40101 SET character_set_client = utf8 */;
CREATE TABLE `sig_grpo_solic` (
  `id` int(11) NOT NULL AUTO_INCREMENT,
  `id_pais_ddestino` int(11) DEFAULT NULL,
  `version` varchar(255) COLLATE utf8_unicode_ci NOT NULL,
  `codigoEstablecimiento` varchar(255) COLLATE utf8_unicode_ci NOT NULL,
  `roleEstablecimiento` varchar(255) COLLATE utf8_unicode_ci NOT NULL,
  `fecha` datetime NOT NULL,
  PRIMARY KEY (`id`),
  KEY `IDX_4439DF6C6B68EC40` (`id_pais_ddestino`),
  CONSTRAINT `FK_4439DF6C6B68EC40` FOREIGN KEY (`id_pais_ddestino`) REFERENCES `sig_pis_dest` (`id`)
) ENGINE=InnoDB AUTO_INCREMENT=18 DEFAULT CHARSET=utf8 COLLATE=utf8_unicode_ci;
/*!40101 SET character_set_client = @saved_cs_client */;

--
-- Dumping data for table `sig_grpo_solic`
--

LOCK TABLES `sig_grpo_solic` WRITE;
/*!40000 ALTER TABLE `sig_grpo_solic` DISABLE KEYS */;
INSERT INTO `sig_grpo_solic` VALUES (1,1,'1.0.1','1567','FAENADOR','2020-04-15 00:00:00'),(2,1,'1.0.1','1567','FAENADOR','2020-04-24 00:00:00'),(3,1,'1.0.1','1567','FAENADOR','2020-04-25 00:00:00'),(4,1,'1.0.1','1567','FAENADOR','2020-04-27 00:00:00'),(5,1,'1.0.1','1567','FAENADOR','2020-04-28 00:00:00'),(6,1,'1.0.1','1567','FAENADOR','2020-04-29 00:00:00'),(7,1,'1.0.1','1567','FAENADOR','2020-04-30 00:00:00'),(8,1,'1.0.1','1567','FAENADOR','2020-05-04 00:00:00'),(9,1,'1.0.1','1567','FAENADOR','2020-05-05 00:00:00'),(10,1,'1.0.1','1567','FAENADOR','2020-05-06 00:00:00'),(11,1,'1.0.1','1567','FAENADOR','2020-05-07 00:00:00'),(12,1,'1.0.1','1567','FAENADOR','2020-05-08 00:00:00'),(13,1,'1.0.1','1567','FAENADOR','2020-05-08 00:00:00'),(14,1,'1.0.1','1567','FAENADOR','2020-05-11 00:00:00'),(15,1,'1.0.1','1567','FAENADOR','2020-05-12 00:00:00'),(16,1,'1.0.1','1567','FAENADOR','2020-05-13 00:00:00'),(17,1,'1.0.1','1567','FAENADOR','2020-05-14 00:00:00');
/*!40000 ALTER TABLE `sig_grpo_solic` ENABLE KEYS */;
UNLOCK TABLES;

--
-- Table structure for table `sig_pis_dest`
--

DROP TABLE IF EXISTS `sig_pis_dest`;
/*!40101 SET @saved_cs_client     = @@character_set_client */;
/*!40101 SET character_set_client = utf8 */;
CREATE TABLE `sig_pis_dest` (
  `id` int(11) NOT NULL AUTO_INCREMENT,
  `pais` varchar(255) COLLATE utf8_unicode_ci NOT NULL,
  `codigo` int(11) NOT NULL,
  PRIMARY KEY (`id`),
  UNIQUE KEY `UNIQ_B1E1E5247E5D2EFF` (`pais`),
  UNIQUE KEY `UNIQ_B1E1E52420332D99` (`codigo`)
) ENGINE=InnoDB AUTO_INCREMENT=2 DEFAULT CHARSET=utf8 COLLATE=utf8_unicode_ci;
/*!40101 SET character_set_client = @saved_cs_client */;

--
-- Dumping data for table `sig_pis_dest`
--

LOCK TABLES `sig_pis_dest` WRITE;
/*!40000 ALTER TABLE `sig_pis_dest` DISABLE KEYS */;
INSERT INTO `sig_pis_dest` VALUES (1,'Argentina',9);
/*!40000 ALTER TABLE `sig_pis_dest` ENABLE KEYS */;
UNLOCK TABLES;

--
-- Table structure for table `sig_prdo_det`
--

DROP TABLE IF EXISTS `sig_prdo_det`;
/*!40101 SET @saved_cs_client     = @@character_set_client */;
/*!40101 SET character_set_client = utf8 */;
CREATE TABLE `sig_prdo_det` (
  `id` int(11) NOT NULL AUTO_INCREMENT,
  `nombre` varchar(255) COLLATE utf8_unicode_ci NOT NULL,
  `codigoCapa` varchar(255) COLLATE utf8_unicode_ci NOT NULL,
  `marca` varchar(255) COLLATE utf8_unicode_ci NOT NULL,
  `id_envase_primario` int(11) DEFAULT NULL,
  `id_envase_secundario` int(11) DEFAULT NULL,
  `ajusteBruto` double NOT NULL,
  `ajusteNeto` double NOT NULL,
  PRIMARY KEY (`id`),
  KEY `IDX_51BA07F578522A72` (`id_envase_primario`),
  KEY `IDX_51BA07F5C78286C9` (`id_envase_secundario`),
  CONSTRAINT `FK_51BA07F578522A72` FOREIGN KEY (`id_envase_primario`) REFERENCES `sig_env_sen` (`id`),
  CONSTRAINT `FK_51BA07F5C78286C9` FOREIGN KEY (`id_envase_secundario`) REFERENCES `sig_env_sen` (`id`)
) ENGINE=InnoDB AUTO_INCREMENT=4 DEFAULT CHARSET=utf8 COLLATE=utf8_unicode_ci;
/*!40101 SET character_set_client = @saved_cs_client */;

--
-- Dumping data for table `sig_prdo_det`
--

LOCK TABLES `sig_prdo_det` WRITE;
/*!40000 ALTER TABLE `sig_prdo_det` DISABLE KEYS */;
INSERT INTO `sig_prdo_det` VALUES (1,'POLLO EVISCERADO CON MENUDOS REFRIGERADOS','1567-111056/1','SAPUCAI',1,1,21.5,20),(2,'CORTES DE POLLO REFRIGERADOS','1567-92336/1','SAPUCAI',1,1,21.5,20),(3,'MILANESAS DE SUPREMA DE POLLO REFRIGERADAS','1567-113866/1','SAPUCAI',1,2,5.3,5);
/*!40000 ALTER TABLE `sig_prdo_det` ENABLE KEYS */;
UNLOCK TABLES;

--
-- Table structure for table `sig_reg_gen_gpo`
--

DROP TABLE IF EXISTS `sig_reg_gen_gpo`;
/*!40101 SET @saved_cs_client     = @@character_set_client */;
/*!40101 SET character_set_client = utf8 */;
CREATE TABLE `sig_reg_gen_gpo` (
  `id_gpo` int(11) NOT NULL,
  `id_reg` int(11) NOT NULL,
  PRIMARY KEY (`id_gpo`,`id_reg`),
  KEY `IDX_E67C11E1DE4FE9D2` (`id_gpo`),
  KEY `IDX_E67C11E1FDCCE66F` (`id_reg`),
  CONSTRAINT `FK_E67C11E1FDCCE66F` FOREIGN KEY (`id_reg`) REFERENCES `sig_reg_rpto` (`id`),
  CONSTRAINT `FK_E67C11E1DE4FE9D2` FOREIGN KEY (`id_gpo`) REFERENCES `sig_grpo_solic` (`id`)
) ENGINE=InnoDB DEFAULT CHARSET=utf8 COLLATE=utf8_unicode_ci;
/*!40101 SET character_set_client = @saved_cs_client */;

--
-- Dumping data for table `sig_reg_gen_gpo`
--

LOCK TABLES `sig_reg_gen_gpo` WRITE;
/*!40000 ALTER TABLE `sig_reg_gen_gpo` DISABLE KEYS */;
INSERT INTO `sig_reg_gen_gpo` VALUES (3,1),(3,3),(4,2),(4,4),(4,5),(5,1),(5,2),(5,3),(5,4),(5,5),(6,1),(6,2),(6,3),(6,4),(6,5),(7,1),(7,2),(7,3),(7,4),(7,5),(8,1),(8,2),(8,3),(8,4),(8,5),(9,1),(9,2),(9,3),(9,4),(9,5),(10,1),(10,2),(10,3),(10,4),(10,5),(11,1),(11,2),(11,3),(11,4),(11,5),(13,1),(13,2),(13,3),(13,4),(13,5),(14,1),(14,2),(14,3),(14,4),(14,5),(15,1),(15,2),(15,3),(15,4),(15,5),(16,1),(16,2),(16,3),(16,4),(16,5),(17,1),(17,2),(17,3),(17,4),(17,5);
/*!40000 ALTER TABLE `sig_reg_gen_gpo` ENABLE KEYS */;
UNLOCK TABLES;

--
-- Table structure for table `sig_reg_rpto`
--

DROP TABLE IF EXISTS `sig_reg_rpto`;
/*!40101 SET @saved_cs_client     = @@character_set_client */;
/*!40101 SET character_set_client = utf8 */;
CREATE TABLE `sig_reg_rpto` (
  `id` int(11) NOT NULL AUTO_INCREMENT,
  `region` varchar(255) COLLATE utf8_unicode_ci NOT NULL,
  PRIMARY KEY (`id`)
) ENGINE=InnoDB AUTO_INCREMENT=6 DEFAULT CHARSET=utf8 COLLATE=utf8_unicode_ci;
/*!40101 SET character_set_client = @saved_cs_client */;

--
-- Dumping data for table `sig_reg_rpto`
--

LOCK TABLES `sig_reg_rpto` WRITE;
/*!40000 ALTER TABLE `sig_reg_rpto` DISABLE KEYS */;
INSERT INTO `sig_reg_rpto` VALUES (1,'02'),(2,'03'),(3,'04'),(4,'05'),(5,'06');
/*!40000 ALTER TABLE `sig_reg_rpto` ENABLE KEYS */;
UNLOCK TABLES;

--
-- Table structure for table `sig_sol_as_gpo`
--

DROP TABLE IF EXISTS `sig_sol_as_gpo`;
/*!40101 SET @saved_cs_client     = @@character_set_client */;
/*!40101 SET character_set_client = utf8 */;
CREATE TABLE `sig_sol_as_gpo` (
  `id` int(11) NOT NULL AUTO_INCREMENT,
  `id_zona` int(11) DEFAULT NULL,
  `id_cliente` int(11) DEFAULT NULL,
  `id_camion` int(11) DEFAULT NULL,
  `id_gr_sol` int(11) DEFAULT NULL,
  `lugarDestino` varchar(255) COLLATE utf8_unicode_ci NOT NULL,
  `precintos` int(11) NOT NULL,
  `precintoAduana` varchar(255) COLLATE utf8_unicode_ci DEFAULT NULL,
  `precintoSenasa` varchar(255) COLLATE utf8_unicode_ci NOT NULL,
  `observaciones` longtext COLLATE utf8_unicode_ci,
  `remitoNumero` varchar(255) COLLATE utf8_unicode_ci DEFAULT NULL,
  `temperatura` double NOT NULL,
  `termoTemperatura` double DEFAULT NULL,
  `termoTiempo` time DEFAULT NULL,
  PRIMARY KEY (`id`),
  KEY `IDX_E43C4E402CA6181C` (`id_zona`),
  KEY `IDX_E43C4E402A813255` (`id_cliente`),
  KEY `IDX_E43C4E407BE2D301` (`id_camion`),
  KEY `IDX_E43C4E4062AE0BE5` (`id_gr_sol`),
  CONSTRAINT `FK_E43C4E4062AE0BE5` FOREIGN KEY (`id_gr_sol`) REFERENCES `sig_grpo_solic` (`id`),
  CONSTRAINT `FK_E43C4E402A813255` FOREIGN KEY (`id_cliente`) REFERENCES `sig_cli_sol` (`id`),
  CONSTRAINT `FK_E43C4E402CA6181C` FOREIGN KEY (`id_zona`) REFERENCES `sig_zna_repto` (`id`),
  CONSTRAINT `FK_E43C4E407BE2D301` FOREIGN KEY (`id_camion`) REFERENCES `sig_cmion_rpto` (`id`)
) ENGINE=InnoDB AUTO_INCREMENT=716 DEFAULT CHARSET=utf8 COLLATE=utf8_unicode_ci;
/*!40101 SET character_set_client = @saved_cs_client */;

--
-- Dumping data for table `sig_sol_as_gpo`
--

LOCK TABLES `sig_sol_as_gpo` WRITE;
/*!40000 ALTER TABLE `sig_sol_as_gpo` DISABLE KEYS */;
INSERT INTO `sig_sol_as_gpo` VALUES (3,11,NULL,1,1,'la matanza',3,NULL,'123456/3457/3458',NULL,NULL,0,NULL,NULL),(4,12,NULL,2,1,'San Martin (Bs. As)',2,NULL,'123459/3460',NULL,NULL,0,NULL,NULL),(5,13,NULL,3,1,'3 de Febrero',3,NULL,'123461/3462/3463',NULL,NULL,0,NULL,NULL),(6,14,NULL,4,1,'MERLO',2,NULL,'123464/3465',NULL,NULL,0,NULL,NULL),(7,15,NULL,4,1,'MORENO',2,NULL,'123464/3465',NULL,NULL,0,NULL,NULL),(8,16,NULL,5,1,'LAFERRERE',3,NULL,'123466/3467/3468',NULL,NULL,0,NULL,NULL),(9,17,NULL,6,1,'MALVINAS ARGENTINAS',2,NULL,'123469/3470',NULL,NULL,0,NULL,NULL),(10,18,NULL,6,1,'SAN MIGUELL',2,NULL,'123469/3470',NULL,NULL,0,NULL,NULL),(11,19,NULL,17,1,'LUGANO',3,NULL,'123471/3472/3473',NULL,NULL,0,NULL,NULL),(12,20,NULL,18,1,'VELEZ SARSFIELD',3,NULL,'123474/3475/3476',NULL,NULL,0,NULL,NULL),(13,21,NULL,19,1,'BELGRANO',3,NULL,'123477/3478/3479',NULL,NULL,0,NULL,NULL),(14,22,NULL,20,1,'BARRACAS',2,NULL,'123480/3481',NULL,NULL,0,NULL,NULL),(15,23,NULL,21,1,'BALVANERA',3,NULL,'123482/3483/3484',NULL,NULL,0,NULL,NULL),(16,24,NULL,22,1,'NUEZ',3,NULL,'123485/3486/3487',NULL,NULL,0,NULL,NULL),(17,25,NULL,23,1,'P. PATRICIOS',3,NULL,'123488/3489/3490',NULL,NULL,0,NULL,NULL),(18,26,NULL,24,1,'RECOLETA',3,NULL,'123491/3492/3493',NULL,NULL,0,NULL,NULL),(19,27,NULL,25,1,'V. LOPEZ',2,NULL,'123494/3495',NULL,NULL,0,NULL,NULL),(20,28,NULL,25,1,'SAN FERNANDO',2,NULL,'123494/3495',NULL,NULL,0,NULL,NULL),(21,29,NULL,26,1,'FLORES',3,NULL,'123496/3497/3498',NULL,NULL,0,NULL,NULL),(22,30,NULL,27,1,'AVELLANEDA',3,NULL,'123499/3500/3501',NULL,NULL,0,NULL,NULL),(23,31,NULL,28,1,'QUILMES',3,NULL,'123502/3503/3504',NULL,NULL,0,NULL,NULL),(24,32,NULL,29,1,'LA PLATA',2,NULL,'123505/3506',NULL,NULL,0,NULL,NULL),(25,33,NULL,30,1,'CITY BELL',2,NULL,'123507/3508',NULL,NULL,0,NULL,NULL),(26,34,NULL,31,1,'F. VARELA',2,NULL,'123509/3510',NULL,NULL,0,NULL,NULL),(27,35,NULL,32,1,'BERISSO 41',1,NULL,'123511',NULL,NULL,0,NULL,NULL),(28,36,NULL,32,1,'BERISSO ENS',1,NULL,'123511',NULL,NULL,0,NULL,NULL),(29,37,NULL,32,1,'BERISSO LP 4',1,NULL,'123511',NULL,NULL,0,NULL,NULL),(30,38,NULL,33,1,'BERAZATEGUI',3,NULL,'123512/3513/3514',NULL,NULL,0,NULL,NULL),(31,39,NULL,34,1,'RANELAGH',3,NULL,'123515/3516/3517',NULL,NULL,0,NULL,NULL),(32,40,NULL,35,1,'LANUS O.',3,NULL,'123518/3519/3520',NULL,NULL,0,NULL,NULL),(33,41,NULL,8,1,'LANUS E.',2,NULL,'123521/3522',NULL,NULL,0,NULL,NULL),(34,42,NULL,9,1,'LONGCHAMPS',2,NULL,'123523/3524',NULL,NULL,0,NULL,NULL),(35,43,NULL,10,1,'SAN JOSE',2,NULL,'123525/3526',NULL,NULL,0,NULL,NULL),(36,44,NULL,11,1,'L. DE Z. O.',3,NULL,'123527/3528/3529',NULL,NULL,0,NULL,NULL),(37,45,NULL,12,1,'L. DE Z. E.',3,NULL,'123530/3531/3532',NULL,NULL,0,NULL,NULL),(38,46,NULL,13,1,'E. ECHEV',2,NULL,'123533/3534',NULL,NULL,0,NULL,NULL),(39,47,NULL,14,1,'CAUELAS',3,NULL,'123535/3536/3537',NULL,NULL,0,NULL,NULL),(40,48,NULL,14,1,'EZEIZA',3,NULL,'123535/3536/3537',NULL,NULL,0,NULL,NULL),(41,49,NULL,15,1,'P. PERON',2,NULL,'123538/3539',NULL,NULL,0,NULL,NULL),(42,50,NULL,15,1,'S. VTE.',2,NULL,'123538/3539',NULL,NULL,0,NULL,NULL),(43,51,NULL,16,1,'BURZACO',2,NULL,'123540/3541',NULL,NULL,0,NULL,NULL),(44,52,NULL,36,1,'SAN ISIDDRO',3,NULL,'123542/3543/3544',NULL,NULL,0,NULL,NULL),(45,53,NULL,37,1,'TIGRE',2,NULL,'123545/3546',NULL,NULL,0,NULL,NULL),(46,54,NULL,38,1,'ESCOBAR',2,NULL,'123547/3548',NULL,NULL,0,NULL,NULL),(47,55,NULL,39,1,'PILAR',3,NULL,'123549/3550/3551',NULL,NULL,0,NULL,NULL),(48,56,NULL,40,1,'CAMPANA',2,NULL,'123552/3553',NULL,NULL,0,NULL,NULL),(49,57,NULL,41,1,'ZARATE',3,NULL,'123554/3555/3556',NULL,NULL,0,NULL,NULL),(50,11,NULL,1,2,'la matanza',3,NULL,'076801/6802/6803',NULL,NULL,0,NULL,NULL),(51,12,NULL,2,2,'San Martin (Bs. As)',2,NULL,'76804/6805',NULL,NULL,0,NULL,NULL),(52,13,NULL,3,2,'3 de Febrero',3,NULL,'76806/6807/6808',NULL,NULL,0,NULL,NULL),(53,14,NULL,4,2,'MERLO',2,NULL,'76809/6810',NULL,NULL,0,NULL,NULL),(54,15,NULL,4,2,'MORENO',2,NULL,'76809/6810',NULL,NULL,0,NULL,NULL),(55,16,NULL,5,2,'LAFERRERE',3,NULL,'76811/6812/6813',NULL,NULL,0,NULL,NULL),(56,17,NULL,6,2,'MALVINAS ARGENTINAS',2,NULL,'76814/6815',NULL,NULL,0,NULL,NULL),(57,18,NULL,6,2,'SAN MIGUELL',2,NULL,'76814/6815',NULL,NULL,0,NULL,NULL),(58,19,NULL,17,2,'LUGANO',3,NULL,'76816/6817/6818',NULL,NULL,0,NULL,NULL),(59,20,NULL,18,2,'VELEZ SARSFIELD',3,NULL,'76819/6820/6821',NULL,NULL,0,NULL,NULL),(60,21,NULL,19,2,'BELGRANO',3,NULL,'76822/6823/6824',NULL,NULL,0,NULL,NULL),(61,22,NULL,20,2,'BARRACAS',2,NULL,'76825/6826',NULL,NULL,0,NULL,NULL),(62,23,NULL,21,2,'BALVANERA',3,NULL,'76827/6828/6829',NULL,NULL,0,NULL,NULL),(63,24,NULL,22,2,'NUEZ',3,NULL,'76830/6831/6832',NULL,NULL,0,NULL,NULL),(64,25,NULL,23,2,'P. PATRICIOS',3,NULL,'76833/6834/6835',NULL,NULL,0,NULL,NULL),(65,26,NULL,24,2,'RECOLETA',3,NULL,'76836/6837/6838',NULL,NULL,0,NULL,NULL),(66,27,NULL,25,2,'V. LOPEZ',2,NULL,'76839/6840',NULL,NULL,0,NULL,NULL),(67,28,NULL,25,2,'SAN FERNANDO',2,NULL,'76839/6840',NULL,NULL,0,NULL,NULL),(68,29,NULL,26,2,'FLORES',3,NULL,'76841/6842/6843',NULL,NULL,0,NULL,NULL),(69,30,NULL,27,2,'AVELLANEDA',3,NULL,'76844/6845/6846',NULL,NULL,0,NULL,NULL),(70,31,NULL,28,2,'QUILMES',3,NULL,'76847/6848/6849',NULL,NULL,0,NULL,NULL),(71,32,NULL,29,2,'LA PLATA',2,NULL,'76850/6851',NULL,NULL,0,NULL,NULL),(72,33,NULL,30,2,'CITY BELL',2,NULL,'76852/6853',NULL,NULL,0,NULL,NULL),(73,34,NULL,31,2,'F. VARELA',2,NULL,'76854/6855',NULL,NULL,0,NULL,NULL),(74,35,NULL,32,2,'BERISSO 41',1,NULL,'76856',NULL,NULL,0,NULL,NULL),(75,36,NULL,32,2,'BERISSO ENS',1,NULL,'76856',NULL,NULL,0,NULL,NULL),(76,37,NULL,32,2,'BERISSO LP 4',1,NULL,'76856',NULL,NULL,0,NULL,NULL),(77,38,NULL,33,2,'BERAZATEGUI',3,NULL,'76857/6858/6859',NULL,NULL,0,NULL,NULL),(78,39,NULL,34,2,'RANELAGH',3,NULL,'76860/6861/6862',NULL,NULL,0,NULL,NULL),(79,40,NULL,35,2,'LANUS O.',3,NULL,'76863/6864/6865',NULL,NULL,0,NULL,NULL),(80,41,NULL,8,2,'LANUS E.',2,NULL,'76866/6867',NULL,NULL,0,NULL,NULL),(81,42,NULL,9,2,'LONGCHAMPS',2,NULL,'76868/6869',NULL,NULL,0,NULL,NULL),(82,43,NULL,10,2,'SAN JOSE',2,NULL,'76870/6871',NULL,NULL,0,NULL,NULL),(83,44,NULL,11,2,'L. DE Z. O.',3,NULL,'76872/6873/6874',NULL,NULL,0,NULL,NULL),(84,45,NULL,12,2,'L. DE Z. E.',3,NULL,'76875/6876/6877',NULL,NULL,0,NULL,NULL),(85,46,NULL,13,2,'E. ECHEV',2,NULL,'76878/6879',NULL,NULL,0,NULL,NULL),(86,47,NULL,14,2,'CAUELAS',3,NULL,'76880/6881/6882',NULL,NULL,0,NULL,NULL),(87,48,NULL,14,2,'EZEIZA',3,NULL,'76880/6881/6882',NULL,NULL,0,NULL,NULL),(88,49,NULL,15,2,'P. PERON',2,NULL,'76883/6884',NULL,NULL,0,NULL,NULL),(89,50,NULL,15,2,'S. VTE.',2,NULL,'76883/6884',NULL,NULL,0,NULL,NULL),(90,51,NULL,16,2,'BURZACO',2,NULL,'76885/6886',NULL,NULL,0,NULL,NULL),(91,52,NULL,36,2,'SAN ISIDDRO',3,NULL,'76887/6888/6889',NULL,NULL,0,NULL,NULL),(92,53,NULL,37,2,'TIGRE',2,NULL,'76890/6891',NULL,NULL,0,NULL,NULL),(93,54,NULL,38,2,'ESCOBAR',2,NULL,'76892/6893',NULL,NULL,0,NULL,NULL),(94,55,NULL,39,2,'PILAR',3,NULL,'76894/6895/6896',NULL,NULL,0,NULL,NULL),(95,56,NULL,40,2,'CAMPANA',2,NULL,'76897/6898',NULL,NULL,0,NULL,NULL),(96,57,NULL,41,2,'ZARATE',3,NULL,'76899/6900/6901',NULL,NULL,0,NULL,NULL),(97,11,NULL,1,2,'la matanza',3,NULL,'076801/6802/6803',NULL,NULL,0,NULL,NULL),(98,12,NULL,2,2,'San Martin (Bs. As)',2,NULL,'76804/6805',NULL,NULL,0,NULL,NULL),(99,13,NULL,3,2,'3 de Febrero',3,NULL,'76806/6807/6808',NULL,NULL,0,NULL,NULL),(100,14,NULL,4,2,'MERLO',2,NULL,'76809/6810',NULL,NULL,0,NULL,NULL),(101,15,NULL,4,2,'MORENO',2,NULL,'76809/6810',NULL,NULL,0,NULL,NULL),(102,16,NULL,5,2,'LAFERRERE',3,NULL,'76811/6812/6813',NULL,NULL,0,NULL,NULL),(103,17,NULL,6,2,'MALVINAS ARGENTINAS',2,NULL,'76814/6815',NULL,NULL,0,NULL,NULL),(104,18,NULL,6,2,'SAN MIGUELL',2,NULL,'76814/6815',NULL,NULL,0,NULL,NULL),(105,11,NULL,1,3,'la matanza',3,NULL,'077101/7102/7103',NULL,NULL,0,NULL,NULL),(106,12,NULL,2,3,'San Martin (Bs. As)',2,NULL,'77104/7105',NULL,NULL,0,NULL,NULL),(107,13,NULL,3,3,'3 de Febrero',3,NULL,'77106/7107/7108',NULL,NULL,0,NULL,NULL),(108,14,NULL,4,3,'MERLO',2,NULL,'77109/7110',NULL,NULL,0,NULL,NULL),(109,15,NULL,4,3,'MORENO',2,NULL,'77109/7110',NULL,NULL,0,NULL,NULL),(110,16,NULL,5,3,'LAFERRERE',3,NULL,'77111/7112/7113',NULL,NULL,0,NULL,NULL),(111,17,NULL,6,3,'MALVINAS ARGENTINAS',2,NULL,'77114/7115',NULL,NULL,0,NULL,NULL),(112,18,NULL,6,3,'SAN MIGUELL',2,NULL,'77114/7115',NULL,NULL,0,NULL,NULL),(113,30,NULL,27,3,'AVELLANEDA',3,NULL,'077116/7117/7118',NULL,NULL,0,NULL,NULL),(114,31,NULL,28,3,'QUILMES',3,NULL,'77119/7120/7121',NULL,NULL,0,NULL,NULL),(115,32,NULL,29,3,'LA PLATA',2,NULL,'77122/7123',NULL,NULL,0,NULL,NULL),(116,33,NULL,30,3,'CITY BELL',2,NULL,'77124/7125',NULL,NULL,0,NULL,NULL),(117,34,NULL,31,3,'F. VARELA',2,NULL,'77126/7127',NULL,NULL,0,NULL,NULL),(118,37,NULL,32,3,'BERISSO LP 4',1,NULL,'77128',NULL,NULL,0,NULL,NULL),(119,36,NULL,32,3,'BERISSO ENS',1,NULL,'77128',NULL,NULL,0,NULL,NULL),(120,35,NULL,32,3,'BERISSO 41',1,NULL,'77128',NULL,NULL,0,NULL,NULL),(121,38,NULL,33,3,'BERAZATEGUI',3,NULL,'77129/7130/7131',NULL,NULL,0,NULL,NULL),(122,39,NULL,34,3,'RANELAGH',3,NULL,'77132/7133/7134',NULL,NULL,0,NULL,NULL),(123,19,NULL,17,4,'LUGANO',3,NULL,'077135/7136/7137',NULL,NULL,0,NULL,NULL),(124,20,NULL,18,4,'VELEZ SARSFIELD',3,NULL,'77138/7139/7140',NULL,NULL,0,NULL,NULL),(125,21,NULL,19,4,'BELGRANO',3,NULL,'77141/7142/7143',NULL,NULL,0,NULL,NULL),(126,22,NULL,20,4,'BARRACAS',2,NULL,'77144/7145',NULL,NULL,0,NULL,NULL),(127,23,NULL,21,4,'BALVANERA',3,NULL,'77146/7147/7148',NULL,NULL,0,NULL,NULL),(128,24,NULL,22,4,'NUEZ',3,NULL,'77149/7150/7151',NULL,NULL,0,NULL,NULL),(129,25,NULL,23,4,'P. PATRICIOS',3,NULL,'77152/7153/7154',NULL,NULL,0,NULL,NULL),(130,26,NULL,24,4,'RECOLETA',3,NULL,'77155/7156/7157',NULL,NULL,0,NULL,NULL),(131,27,NULL,25,4,'V. LOPEZ',2,NULL,'77158/7159',NULL,NULL,0,NULL,NULL),(132,28,NULL,25,4,'SAN FERNANDO',2,NULL,'77158/7159',NULL,NULL,0,NULL,NULL),(133,29,NULL,26,4,'FLORES',3,NULL,'77160/7161/7162',NULL,NULL,0,NULL,NULL),(134,40,NULL,35,4,'LANUS O.',3,NULL,'077163/7164/7165',NULL,NULL,0,NULL,NULL),(135,41,NULL,8,4,'LANUS E.',2,NULL,'77166/7167',NULL,NULL,0,NULL,NULL),(136,42,NULL,9,4,'LONGCHAMPS',2,NULL,'77168/7169',NULL,NULL,0,NULL,NULL),(137,43,NULL,10,4,'SAN JOSE',2,NULL,'77170/7171',NULL,NULL,0,NULL,NULL),(138,44,NULL,11,4,'L. DE Z. O.',3,NULL,'77172/7173/7174',NULL,NULL,0,NULL,NULL),(139,45,NULL,12,4,'L. DE Z. E.',3,NULL,'77175/7176/7177',NULL,NULL,0,NULL,NULL),(140,46,NULL,13,4,'E. ECHEV',2,NULL,'77178/7179',NULL,NULL,0,NULL,NULL),(141,47,NULL,14,4,'CAUELAS',3,NULL,'77180/7181/7182',NULL,NULL,0,NULL,NULL),(142,48,NULL,14,4,'EZEIZA',3,NULL,'77180/7181/7182',NULL,NULL,0,NULL,NULL),(143,49,NULL,15,4,'P. PERON',2,NULL,'77183/7184',NULL,NULL,0,NULL,NULL),(144,50,NULL,15,4,'S. VTE.',2,NULL,'77183/7184',NULL,NULL,0,NULL,NULL),(145,51,NULL,16,4,'BURZACO',2,NULL,'77185/7186',NULL,NULL,0,NULL,NULL),(146,52,NULL,36,4,'SAN ISIDDRO',3,NULL,'077187/7188/7189',NULL,NULL,0,NULL,NULL),(147,53,NULL,37,4,'TIGRE',2,NULL,'77190/7191',NULL,NULL,0,NULL,NULL),(148,54,NULL,38,4,'ESCOBAR',2,NULL,'77192/7193',NULL,NULL,0,NULL,NULL),(149,55,NULL,39,4,'PILAR',3,NULL,'77194/7195/7196',NULL,NULL,0,NULL,NULL),(150,56,NULL,40,4,'CAMPANA',2,NULL,'77197/7198',NULL,NULL,0,NULL,NULL),(151,57,NULL,41,4,'ZARATE',3,NULL,'77199/7200/7201',NULL,NULL,0,NULL,NULL),(152,11,NULL,1,5,'la matanza',3,NULL,'077202/7203/7204',NULL,NULL,0,NULL,NULL),(153,12,NULL,2,5,'San Martin (Bs. As)',2,NULL,'77205/7206',NULL,NULL,0,NULL,NULL),(154,13,NULL,3,5,'3 de Febrero',3,NULL,'77207/7208/7209',NULL,NULL,0,NULL,NULL),(155,14,NULL,4,5,'MERLO',2,NULL,'77210/7211',NULL,NULL,0,NULL,NULL),(156,15,NULL,4,5,'MORENO',2,NULL,'77210/7211',NULL,NULL,0,NULL,NULL),(157,16,NULL,5,5,'LAFERRERE',3,NULL,'77212/7213/7214',NULL,NULL,0,NULL,NULL),(158,17,NULL,6,5,'MALVINAS ARGENTINAS',2,NULL,'77215/7216',NULL,NULL,0,NULL,NULL),(159,18,NULL,6,5,'SAN MIGUELL',2,NULL,'77215/7216',NULL,NULL,0,NULL,NULL),(160,30,NULL,27,5,'AVELLANEDA',3,NULL,'077217/7218/7219',NULL,NULL,0,NULL,NULL),(161,31,NULL,28,5,'QUILMES',3,NULL,'77220/7221/7222',NULL,NULL,0,NULL,NULL),(162,32,NULL,29,5,'LA PLATA',2,NULL,'77223/7224',NULL,NULL,0,NULL,NULL),(163,33,NULL,30,5,'CITY BELL',2,NULL,'77225/7226',NULL,NULL,0,NULL,NULL),(164,34,NULL,31,5,'F. VARELA',2,NULL,'77227/7228',NULL,NULL,0,NULL,NULL),(165,37,NULL,32,5,'BERISSO LP 4',1,NULL,'77229',NULL,NULL,0,NULL,NULL),(166,36,NULL,32,5,'BERISSO ENS',1,NULL,'77229',NULL,NULL,0,NULL,NULL),(167,35,NULL,32,5,'BERISSO 41',1,NULL,'77229',NULL,NULL,0,NULL,NULL),(168,38,NULL,33,5,'BERAZATEGUI',3,NULL,'77230/7231/7232',NULL,NULL,0,NULL,NULL),(169,39,NULL,34,5,'RANELAGH',3,NULL,'77233/7234/7235',NULL,NULL,0,NULL,NULL),(170,19,NULL,17,5,'LUGANO',3,NULL,'077236/7237/7238',NULL,NULL,0,NULL,NULL),(171,20,NULL,18,5,'VELEZ SARSFIELD',3,NULL,'77239/7240/7241',NULL,NULL,0,NULL,NULL),(172,21,NULL,19,5,'BELGRANO',3,NULL,'77242/7243/7244',NULL,NULL,0,NULL,NULL),(173,22,NULL,20,5,'BARRACAS',2,NULL,'77245/7246',NULL,NULL,0,NULL,NULL),(174,23,NULL,21,5,'BALVANERA',3,NULL,'77247/7248/7249',NULL,NULL,0,NULL,NULL),(175,24,NULL,22,5,'NUEZ',3,NULL,'77250/7251/7252',NULL,NULL,0,NULL,NULL),(176,25,NULL,23,5,'P. PATRICIOS',3,NULL,'77253/7254/7255',NULL,NULL,0,NULL,NULL),(177,26,NULL,24,5,'RECOLETA',3,NULL,'77256/7257/7258',NULL,NULL,0,NULL,NULL),(178,27,NULL,25,5,'V. LOPEZ',2,NULL,'77259/7260',NULL,NULL,0,NULL,NULL),(179,28,NULL,25,5,'SAN FERNANDO',2,NULL,'77259/7260',NULL,NULL,0,NULL,NULL),(180,29,NULL,26,5,'FLORES',3,NULL,'77261/7262/7263',NULL,NULL,0,NULL,NULL),(181,40,NULL,35,5,'LANUS O.',3,NULL,'077264/7265/7266',NULL,NULL,0,NULL,NULL),(182,41,NULL,8,5,'LANUS E.',2,NULL,'77267/7268',NULL,NULL,0,NULL,NULL),(183,42,NULL,9,5,'LONGCHAMPS',2,NULL,'77269/7270',NULL,NULL,0,NULL,NULL),(184,43,NULL,10,5,'SAN JOSE',2,NULL,'77271/7272',NULL,NULL,0,NULL,NULL),(185,44,NULL,11,5,'L. DE Z. O.',3,NULL,'77273/7274/7275',NULL,NULL,0,NULL,NULL),(186,45,NULL,12,5,'L. DE Z. E.',3,NULL,'77276/7277/7278',NULL,NULL,0,NULL,NULL),(187,46,NULL,13,5,'E. ECHEV',2,NULL,'77279/7280',NULL,NULL,0,NULL,NULL),(188,47,NULL,14,5,'CAUELAS',3,NULL,'77281/7282/7283',NULL,NULL,0,NULL,NULL),(189,48,NULL,14,5,'EZEIZA',3,NULL,'77281/7282/7283',NULL,NULL,0,NULL,NULL),(190,49,NULL,15,5,'P. PERON',2,NULL,'77284/7285',NULL,NULL,0,NULL,NULL),(191,50,NULL,15,5,'S. VTE.',2,NULL,'77284/7285',NULL,NULL,0,NULL,NULL),(192,51,NULL,16,5,'BURZACO',2,NULL,'77286/7287',NULL,NULL,0,NULL,NULL),(193,52,NULL,36,5,'SAN ISIDDRO',3,NULL,'077288/7289/7290',NULL,NULL,0,NULL,NULL),(194,53,NULL,37,5,'TIGRE',2,NULL,'77291/7292',NULL,NULL,0,NULL,NULL),(195,54,NULL,38,5,'ESCOBAR',2,NULL,'77293/7294',NULL,NULL,0,NULL,NULL),(196,55,NULL,39,5,'PILAR',3,NULL,'77295/7296/7297',NULL,NULL,0,NULL,NULL),(197,56,NULL,40,5,'CAMPANA',2,NULL,'77298/7299',NULL,NULL,0,NULL,NULL),(198,57,NULL,41,5,'ZARATE',3,NULL,'77300/7301/7302',NULL,NULL,0,NULL,NULL),(199,11,NULL,1,6,'la matanza',3,NULL,'077304/7305/7306',NULL,NULL,0,NULL,NULL),(200,12,NULL,2,6,'San Martin (Bs. As)',2,NULL,'77307/7308',NULL,NULL,0,NULL,NULL),(201,13,NULL,3,6,'3 de Febrero',3,NULL,'77309/7310/7311',NULL,NULL,0,NULL,NULL),(202,14,NULL,4,6,'MERLO',2,NULL,'77312/7313',NULL,NULL,0,NULL,NULL),(203,15,NULL,4,6,'MORENO',2,NULL,'77312/7313',NULL,NULL,0,NULL,NULL),(204,16,NULL,5,6,'LAFERRERE',3,NULL,'77314/7315/7316',NULL,NULL,0,NULL,NULL),(205,17,NULL,6,6,'MALVINAS ARGENTINAS',2,NULL,'77317/7318',NULL,NULL,0,NULL,NULL),(206,18,NULL,6,6,'SAN MIGUELL',2,NULL,'77317/7318',NULL,NULL,0,NULL,NULL),(207,19,NULL,17,6,'LUGANO',3,NULL,'077319/7320/7321',NULL,NULL,0,NULL,NULL),(208,20,NULL,18,6,'VELEZ SARSFIELD',3,NULL,'77322/7323/7324',NULL,NULL,0,NULL,NULL),(209,21,NULL,19,6,'BELGRANO',3,NULL,'77325/7326/7327',NULL,NULL,0,NULL,NULL),(210,22,NULL,20,6,'BARRACAS',2,NULL,'77328/7329',NULL,NULL,0,NULL,NULL),(211,23,NULL,21,6,'BALVANERA',3,NULL,'77330/7331/7332',NULL,NULL,0,NULL,NULL),(212,24,NULL,22,6,'NUEZ',3,NULL,'77333/7334/7335',NULL,NULL,0,NULL,NULL),(213,25,NULL,23,6,'P. PATRICIOS',3,NULL,'77336/7337/7338',NULL,NULL,0,NULL,NULL),(214,26,NULL,24,6,'RECOLETA',3,NULL,'77339/7340/7341',NULL,NULL,0,NULL,NULL),(215,27,NULL,25,6,'V. LOPEZ',2,NULL,'77342/7343',NULL,NULL,0,NULL,NULL),(216,28,NULL,25,6,'SAN FERNANDO',2,NULL,'77342/7343',NULL,NULL,0,NULL,NULL),(217,29,NULL,26,6,'FLORES',3,NULL,'77344/7345/7346',NULL,NULL,0,NULL,NULL),(218,30,NULL,27,6,'AVELLANEDA',3,NULL,'0777347/7348/7349',NULL,NULL,0,NULL,NULL),(219,31,NULL,28,6,'QUILMES',3,NULL,'777350/7351/7352',NULL,NULL,0,NULL,NULL),(220,32,NULL,29,6,'LA PLATA',2,NULL,'777353/7354',NULL,NULL,0,NULL,NULL),(221,33,NULL,30,6,'CITY BELL',2,NULL,'777355/7356',NULL,NULL,0,NULL,NULL),(222,34,NULL,31,6,'F. VARELA',2,NULL,'777357/7358',NULL,NULL,0,NULL,NULL),(223,37,NULL,32,6,'BERISSO LP 4',1,NULL,'777359',NULL,NULL,0,NULL,NULL),(224,36,NULL,32,6,'BERISSO ENS',1,NULL,'777359',NULL,NULL,0,NULL,NULL),(225,35,NULL,32,6,'BERISSO 41',1,NULL,'777359',NULL,NULL,0,NULL,NULL),(226,38,NULL,33,6,'BERAZATEGUI',3,NULL,'777360/7361/7362',NULL,NULL,0,NULL,NULL),(227,39,NULL,34,6,'RANELAGH',3,NULL,'777363/7364/7365',NULL,NULL,0,NULL,NULL),(228,40,NULL,35,6,'LANUS O.',3,NULL,'077366/7367/7368',NULL,NULL,0,NULL,NULL),(229,41,NULL,8,6,'LANUS E.',2,NULL,'77369/7370',NULL,NULL,0,NULL,NULL),(230,42,NULL,9,6,'LONGCHAMPS',2,NULL,'77371/7372',NULL,NULL,0,NULL,NULL),(231,43,NULL,10,6,'SAN JOSE',2,NULL,'77373/7374',NULL,NULL,0,NULL,NULL),(232,44,NULL,11,6,'L. DE Z. O.',3,NULL,'77375/7376/7377',NULL,NULL,0,NULL,NULL),(233,45,NULL,12,6,'L. DE Z. E.',3,NULL,'77378/7379/7380',NULL,NULL,0,NULL,NULL),(234,46,NULL,13,6,'E. ECHEV',2,NULL,'77381/7382',NULL,NULL,0,NULL,NULL),(235,47,NULL,14,6,'CAUELAS',3,NULL,'77383/7384/7385',NULL,NULL,0,NULL,NULL),(236,48,NULL,14,6,'EZEIZA',3,NULL,'77383/7384/7385',NULL,NULL,0,NULL,NULL),(237,49,NULL,15,6,'P. PERON',2,NULL,'77386/7387',NULL,NULL,0,NULL,NULL),(238,50,NULL,15,6,'S. VTE.',2,NULL,'77386/7387',NULL,NULL,0,NULL,NULL),(239,51,NULL,16,6,'BURZACO',2,NULL,'77388/7389',NULL,NULL,0,NULL,NULL),(240,52,NULL,36,6,'SAN ISIDDRO',3,NULL,'077390/7391/7392',NULL,NULL,0,NULL,NULL),(241,53,NULL,37,6,'TIGRE',2,NULL,'77393/7394',NULL,NULL,0,NULL,NULL),(242,54,NULL,38,6,'ESCOBAR',2,NULL,'77395/7396',NULL,NULL,0,NULL,NULL),(243,55,NULL,39,6,'PILAR',3,NULL,'77397/7398/7399',NULL,NULL,0,NULL,NULL),(244,56,NULL,40,6,'CAMPANA',2,NULL,'77400/7401',NULL,NULL,0,NULL,NULL),(245,57,NULL,41,6,'ZARATE',3,NULL,'77402/7403/7404',NULL,NULL,0,NULL,NULL),(246,11,NULL,1,7,'la matanza',3,NULL,'077406/7407/7408',NULL,NULL,0,NULL,NULL),(247,12,NULL,2,7,'San Martin (Bs. As)',2,NULL,'77409/7410',NULL,NULL,0,NULL,NULL),(248,13,NULL,3,7,'3 de Febrero',3,NULL,'77411/7412/7413',NULL,NULL,0,NULL,NULL),(249,14,NULL,4,7,'MERLO',2,NULL,'77414/7415',NULL,NULL,0,NULL,NULL),(250,15,NULL,4,7,'MORENO',2,NULL,'77414/7415',NULL,NULL,0,NULL,NULL),(251,16,NULL,5,7,'LAFERRERE',3,NULL,'77416/7417/7418',NULL,NULL,0,NULL,NULL),(252,17,NULL,6,7,'MALVINAS ARGENTINAS',2,NULL,'77419/7420',NULL,NULL,0,NULL,NULL),(253,18,NULL,6,7,'SAN MIGUELL',2,NULL,'77419/7420',NULL,NULL,0,NULL,NULL),(254,19,NULL,17,7,'LUGANO',3,NULL,'077421/7422/7423',NULL,NULL,0,NULL,NULL),(255,20,NULL,18,7,'VELEZ SARSFIELD',3,NULL,'77424/7425/7426',NULL,NULL,0,NULL,NULL),(256,21,NULL,19,7,'BELGRANO',3,NULL,'77427/7428/7429',NULL,NULL,0,NULL,NULL),(257,22,NULL,20,7,'BARRACAS',2,NULL,'77430/7431',NULL,NULL,0,NULL,NULL),(258,23,NULL,21,7,'BALVANERA',3,NULL,'77432/7433/7434',NULL,NULL,0,NULL,NULL),(259,24,NULL,22,7,'NUEZ',3,NULL,'77435/7436/7437',NULL,NULL,0,NULL,NULL),(260,25,NULL,23,7,'P. PATRICIOS',3,NULL,'77438/7439/7440',NULL,NULL,0,NULL,NULL),(261,26,NULL,24,7,'RECOLETA',3,NULL,'77441/7442/7443',NULL,NULL,0,NULL,NULL),(262,27,NULL,25,7,'V. LOPEZ',2,NULL,'77444/7445',NULL,NULL,0,NULL,NULL),(263,28,NULL,25,7,'SAN FERNANDO',2,NULL,'77444/7445',NULL,NULL,0,NULL,NULL),(264,29,NULL,26,7,'FLORES',3,NULL,'77446/7447/7448',NULL,NULL,0,NULL,NULL),(265,30,NULL,27,7,'AVELLANEDA',3,NULL,'077449/7450/7451',NULL,NULL,0,NULL,NULL),(266,31,NULL,28,7,'QUILMES',3,NULL,'77452/7453/7454',NULL,NULL,0,NULL,NULL),(267,32,NULL,29,7,'LA PLATA',2,NULL,'77455/7456',NULL,NULL,0,NULL,NULL),(268,33,NULL,30,7,'CITY BELL',2,NULL,'77457/7458',NULL,NULL,0,NULL,NULL),(269,34,NULL,31,7,'F. VARELA',2,NULL,'77459/7460',NULL,NULL,0,NULL,NULL),(270,37,NULL,32,7,'BERISSO LP 4',1,NULL,'77461',NULL,NULL,0,NULL,NULL),(271,36,NULL,32,7,'BERISSO ENS',1,NULL,'77461',NULL,NULL,0,NULL,NULL),(272,35,NULL,32,7,'BERISSO 41',1,NULL,'77461',NULL,NULL,0,NULL,NULL),(273,38,NULL,33,7,'BERAZATEGUI',3,NULL,'77462/7463/7464',NULL,NULL,0,NULL,NULL),(274,39,NULL,34,7,'RANELAGH',3,NULL,'77465/7466/7467',NULL,NULL,0,NULL,NULL),(275,40,NULL,35,7,'LANUS O.',3,NULL,'077468/7469/7470',NULL,NULL,0,NULL,NULL),(276,41,NULL,8,7,'LANUS E.',2,NULL,'77471/7472',NULL,NULL,0,NULL,NULL),(277,42,NULL,9,7,'LONGCHAMPS',2,NULL,'77473/7474',NULL,NULL,0,NULL,NULL),(278,43,NULL,10,7,'SAN JOSE',2,NULL,'77475/7476',NULL,NULL,0,NULL,NULL),(279,44,NULL,11,7,'L. DE Z. O.',3,NULL,'77477/7478/7479',NULL,NULL,0,NULL,NULL),(280,45,NULL,12,7,'L. DE Z. E.',3,NULL,'77480/7481/7482',NULL,NULL,0,NULL,NULL),(281,46,NULL,13,7,'E. ECHEV',2,NULL,'77483/7484',NULL,NULL,0,NULL,NULL),(282,47,NULL,14,7,'CAUELAS',3,NULL,'77485/7486/7487',NULL,NULL,0,NULL,NULL),(283,48,NULL,14,7,'EZEIZA',3,NULL,'77485/7486/7487',NULL,NULL,0,NULL,NULL),(284,49,NULL,15,7,'P. PERON',2,NULL,'77488/7489',NULL,NULL,0,NULL,NULL),(285,50,NULL,15,7,'S. VTE.',2,NULL,'77488/7489',NULL,NULL,0,NULL,NULL),(286,51,NULL,16,7,'BURZACO',2,NULL,'77490/7491',NULL,NULL,0,NULL,NULL),(287,52,NULL,36,7,'SAN ISIDDRO',3,NULL,'077492/7493/7494',NULL,NULL,0,NULL,NULL),(288,53,NULL,37,7,'TIGRE',2,NULL,'77495/7496',NULL,NULL,0,NULL,NULL),(289,54,NULL,38,7,'ESCOBAR',2,NULL,'77497/7498',NULL,NULL,0,NULL,NULL),(290,55,NULL,39,7,'PILAR',3,NULL,'77499/7500/7501',NULL,NULL,0,NULL,NULL),(291,56,NULL,40,7,'CAMPANA',2,NULL,'77502/7503',NULL,NULL,0,NULL,NULL),(292,57,NULL,41,7,'ZARATE',3,NULL,'77504/7505/7506',NULL,NULL,0,NULL,NULL),(293,11,NULL,1,8,'la matanza',3,NULL,'077507/7508/7509',NULL,NULL,0,NULL,NULL),(294,12,NULL,2,8,'San Martin (Bs. As)',2,NULL,'77510/7511',NULL,NULL,0,NULL,NULL),(295,13,NULL,3,8,'3 de Febrero',3,NULL,'77512/7513/7514',NULL,NULL,0,NULL,NULL),(296,14,NULL,4,8,'MERLO',2,NULL,'77515/7516',NULL,NULL,0,NULL,NULL),(297,15,NULL,4,8,'MORENO',2,NULL,'77515/7516',NULL,NULL,0,NULL,NULL),(298,16,NULL,5,8,'LAFERRERE',3,NULL,'77517/7518/7519',NULL,NULL,0,NULL,NULL),(299,17,NULL,6,8,'MALVINAS ARGENTINAS',2,NULL,'77520/7521',NULL,NULL,0,NULL,NULL),(300,18,NULL,6,8,'SAN MIGUELL',2,NULL,'77520/7521',NULL,NULL,0,NULL,NULL),(301,19,NULL,17,8,'LUGANO',3,NULL,'077522/7523/7524',NULL,NULL,0,NULL,NULL),(302,20,NULL,18,8,'VELEZ SARSFIELD',3,NULL,'77525/7526/7527',NULL,NULL,0,NULL,NULL),(303,21,NULL,19,8,'BELGRANO',3,NULL,'77528/7529/7530',NULL,NULL,0,NULL,NULL),(304,22,NULL,20,8,'BARRACAS',2,NULL,'77531/7532',NULL,NULL,0,NULL,NULL),(305,23,NULL,21,8,'BALVANERA',3,NULL,'77533/7534/7535',NULL,NULL,0,NULL,NULL),(306,24,NULL,22,8,'NUEZ',3,NULL,'77536/7537/7538',NULL,NULL,0,NULL,NULL),(307,25,NULL,23,8,'P. PATRICIOS',3,NULL,'77539/7540/7541',NULL,NULL,0,NULL,NULL),(308,26,NULL,24,8,'RECOLETA',3,NULL,'77542/7543/7544',NULL,NULL,0,NULL,NULL),(309,27,NULL,25,8,'V. LOPEZ',2,NULL,'77545/7546',NULL,NULL,0,NULL,NULL),(310,28,NULL,25,8,'SAN FERNANDO',2,NULL,'77545/7546',NULL,NULL,0,NULL,NULL),(311,29,NULL,26,8,'FLORES',3,NULL,'77547/7548/7549',NULL,NULL,0,NULL,NULL),(312,30,NULL,27,8,'AVELLANEDA',3,NULL,'0775550/5551/5552',NULL,NULL,0,NULL,NULL),(313,31,NULL,28,8,'QUILMES',3,NULL,'775553/5554/5555',NULL,NULL,0,NULL,NULL),(314,32,NULL,29,8,'LA PLATA',2,NULL,'775556/5557',NULL,NULL,0,NULL,NULL),(315,33,NULL,30,8,'CITY BELL',2,NULL,'775558/5559',NULL,NULL,0,NULL,NULL),(316,34,NULL,31,8,'F. VARELA',2,NULL,'775560/5561',NULL,NULL,0,NULL,NULL),(317,37,NULL,32,8,'BERISSO LP 4',1,NULL,'775562',NULL,NULL,0,NULL,NULL),(318,36,NULL,32,8,'BERISSO ENS',1,NULL,'775562',NULL,NULL,0,NULL,NULL),(319,35,NULL,32,8,'BERISSO 41',1,NULL,'775562',NULL,NULL,0,NULL,NULL),(320,38,NULL,33,8,'BERAZATEGUI',3,NULL,'775563/5564/5565',NULL,NULL,0,NULL,NULL),(321,39,NULL,34,8,'RANELAGH',3,NULL,'775566/5567/5568',NULL,NULL,0,NULL,NULL),(322,40,NULL,35,8,'LANUS O.',3,NULL,'077569/7570/7571',NULL,NULL,0,NULL,NULL),(323,41,NULL,8,8,'LANUS E.',2,NULL,'77572/7573',NULL,NULL,0,NULL,NULL),(324,42,NULL,9,8,'LONGCHAMPS',2,NULL,'77574/7575',NULL,NULL,0,NULL,NULL),(325,43,NULL,10,8,'SAN JOSE',2,NULL,'77576/7577',NULL,NULL,0,NULL,NULL),(326,44,NULL,11,8,'L. DE Z. O.',3,NULL,'77578/7579/7580',NULL,NULL,0,NULL,NULL),(327,45,NULL,12,8,'L. DE Z. E.',3,NULL,'77581/7582/7583',NULL,NULL,0,NULL,NULL),(328,46,NULL,13,8,'E. ECHEV',2,NULL,'77584/7585',NULL,NULL,0,NULL,NULL),(329,47,NULL,14,8,'CAUELAS',3,NULL,'77586/7587/7588',NULL,NULL,0,NULL,NULL),(330,48,NULL,14,8,'EZEIZA',3,NULL,'77586/7587/7588',NULL,NULL,0,NULL,NULL),(331,49,NULL,15,8,'P. PERON',2,NULL,'77589/7590',NULL,NULL,0,NULL,NULL),(332,50,NULL,15,8,'S. VTE.',2,NULL,'77589/7590',NULL,NULL,0,NULL,NULL),(333,51,NULL,16,8,'BURZACO',2,NULL,'77591/7592',NULL,NULL,0,NULL,NULL),(334,52,NULL,36,8,'SAN ISIDDRO',3,NULL,'077593/94/95',NULL,NULL,0,NULL,NULL),(335,53,NULL,37,8,'TIGRE',2,NULL,'77596/97',NULL,NULL,0,NULL,NULL),(336,54,NULL,38,8,'ESCOBAR',2,NULL,'77598/99',NULL,NULL,0,NULL,NULL),(337,55,NULL,39,8,'PILAR',3,NULL,'77600/601/602',NULL,NULL,0,NULL,NULL),(338,56,NULL,40,8,'CAMPANA',2,NULL,'77603/604',NULL,NULL,0,NULL,NULL),(339,57,NULL,41,8,'ZARATE',3,NULL,'77605/606/607',NULL,NULL,0,NULL,NULL),(340,11,NULL,1,9,'la matanza',3,NULL,'077608/7609/7610',NULL,NULL,0,NULL,NULL),(341,12,NULL,2,9,'San Martin (Bs. As)',2,NULL,'77611/7612',NULL,NULL,0,NULL,NULL),(342,13,NULL,3,9,'3 de Febrero',3,NULL,'77613/7614/7615',NULL,NULL,0,NULL,NULL),(343,14,NULL,4,9,'MERLO',2,NULL,'77616/7617',NULL,NULL,0,NULL,NULL),(344,15,NULL,4,9,'MORENO',2,NULL,'77616/7617',NULL,NULL,0,NULL,NULL),(345,16,NULL,5,9,'LAFERRERE',3,NULL,'77618/7619/7620',NULL,NULL,0,NULL,NULL),(346,17,NULL,6,9,'MALVINAS ARGENTINAS',2,NULL,'77621/7622',NULL,NULL,0,NULL,NULL),(347,18,NULL,6,9,'SAN MIGUELL',2,NULL,'77621/7622',NULL,NULL,0,NULL,NULL),(348,19,NULL,17,9,'LUGANO',3,NULL,'077623/7624/7625',NULL,NULL,0,NULL,NULL),(349,20,NULL,18,9,'VELEZ SARSFIELD',3,NULL,'77626/7627/7628',NULL,NULL,0,NULL,NULL),(350,21,NULL,19,9,'BELGRANO',3,NULL,'77629/7630/7631',NULL,NULL,0,NULL,NULL),(351,22,NULL,20,9,'BARRACAS',2,NULL,'77632/7633',NULL,NULL,0,NULL,NULL),(352,23,NULL,21,9,'BALVANERA',3,NULL,'77634/7635/7636',NULL,NULL,0,NULL,NULL),(353,24,NULL,22,9,'NUEZ',3,NULL,'77637/7638/7639',NULL,NULL,0,NULL,NULL),(354,25,NULL,23,9,'P. PATRICIOS',3,NULL,'77640/7641/7642',NULL,NULL,0,NULL,NULL),(355,26,NULL,24,9,'RECOLETA',3,NULL,'77643/7644/7645',NULL,NULL,0,NULL,NULL),(356,27,NULL,25,9,'V. LOPEZ',2,NULL,'77646/7647',NULL,NULL,0,NULL,NULL),(357,28,NULL,25,9,'SAN FERNANDO',2,NULL,'77646/7647',NULL,NULL,0,NULL,NULL),(358,29,NULL,26,9,'FLORES',3,NULL,'77648/7649/7650',NULL,NULL,0,NULL,NULL),(359,30,NULL,27,9,'AVELLANEDA',3,NULL,'077651/7652/7653',NULL,NULL,0,NULL,NULL),(360,31,NULL,28,9,'QUILMES',3,NULL,'77654/7655/7656',NULL,NULL,0,NULL,NULL),(361,32,NULL,29,9,'LA PLATA',2,NULL,'77657/7658',NULL,NULL,0,NULL,NULL),(362,33,NULL,30,9,'CITY BELL',2,NULL,'77659/7660',NULL,NULL,0,NULL,NULL),(363,34,NULL,31,9,'F. VARELA',2,NULL,'77661/7662',NULL,NULL,0,NULL,NULL),(364,37,NULL,32,9,'BERISSO LP 4',1,NULL,'77663',NULL,NULL,0,NULL,NULL),(365,36,NULL,32,9,'BERISSO ENS',1,NULL,'77663',NULL,NULL,0,NULL,NULL),(366,35,NULL,32,9,'BERISSO 41',1,NULL,'77663',NULL,NULL,0,NULL,NULL),(367,38,NULL,33,9,'BERAZATEGUI',3,NULL,'77664/7665/7666',NULL,NULL,0,NULL,NULL),(368,39,NULL,34,9,'RANELAGH',3,NULL,'77667/7668/7669',NULL,NULL,0,NULL,NULL),(369,40,NULL,35,9,'LANUS O.',3,NULL,'077670/7671/7672',NULL,NULL,0,NULL,NULL),(370,41,NULL,8,9,'LANUS E.',2,NULL,'77673/7674',NULL,NULL,0,NULL,NULL),(371,42,NULL,9,9,'LONGCHAMPS',2,NULL,'77675/7676',NULL,NULL,0,NULL,NULL),(372,43,NULL,10,9,'SAN JOSE',2,NULL,'77677/7678',NULL,NULL,0,NULL,NULL),(373,44,NULL,11,9,'L. DE Z. O.',3,NULL,'77679/7680/7681',NULL,NULL,0,NULL,NULL),(374,45,NULL,12,9,'L. DE Z. E.',3,NULL,'77682/7683/7684',NULL,NULL,0,NULL,NULL),(375,46,NULL,13,9,'E. ECHEV',2,NULL,'77685/7686',NULL,NULL,0,NULL,NULL),(376,47,NULL,14,9,'CAUELAS',3,NULL,'77687/7688/7689',NULL,NULL,0,NULL,NULL),(377,48,NULL,14,9,'EZEIZA',3,NULL,'77687/7688/7689',NULL,NULL,0,NULL,NULL),(378,49,NULL,15,9,'P. PERON',2,NULL,'77690/7691',NULL,NULL,0,NULL,NULL),(379,50,NULL,15,9,'S. VTE.',2,NULL,'77690/7691',NULL,NULL,0,NULL,NULL),(380,51,NULL,16,9,'BURZACO',2,NULL,'77692/7693',NULL,NULL,0,NULL,NULL),(381,52,NULL,36,9,'SAN ISIDDRO',3,NULL,'077694/7695/7696',NULL,NULL,0,NULL,NULL),(382,53,NULL,37,9,'TIGRE',2,NULL,'77697/7698',NULL,NULL,0,NULL,NULL),(383,54,NULL,38,9,'ESCOBAR',2,NULL,'77699/7700',NULL,NULL,0,NULL,NULL),(384,55,NULL,39,9,'PILAR',3,NULL,'77701/7702/7703',NULL,NULL,0,NULL,NULL),(385,56,NULL,40,9,'CAMPANA',2,NULL,'77704/7705',NULL,NULL,0,NULL,NULL),(386,57,NULL,41,9,'ZARATE',3,NULL,'77706/7707/7708',NULL,NULL,0,NULL,NULL),(387,11,NULL,1,10,'la matanza',3,NULL,'077900/7901/7902',NULL,NULL,0,NULL,NULL),(388,12,NULL,2,10,'San Martin (Bs. As)',2,NULL,'77903/7904',NULL,NULL,0,NULL,NULL),(389,13,NULL,3,10,'3 de Febrero',3,NULL,'77905/7906/7907',NULL,NULL,0,NULL,NULL),(390,14,NULL,4,10,'MERLO',2,NULL,'77908/7909',NULL,NULL,0,NULL,NULL),(391,15,NULL,4,10,'MORENO',2,NULL,'77908/7909',NULL,NULL,0,NULL,NULL),(392,16,NULL,5,10,'LAFERRERE',3,NULL,'77910/7911/7912',NULL,NULL,0,NULL,NULL),(393,17,NULL,6,10,'MALVINAS ARGENTINAS',2,NULL,'77913/7914',NULL,NULL,0,NULL,NULL),(394,18,NULL,6,10,'SAN MIGUELL',2,NULL,'77913/7914',NULL,NULL,0,NULL,NULL),(395,19,NULL,17,10,'LUGANO',3,NULL,'077915/7916/7917',NULL,NULL,0,NULL,NULL),(396,20,NULL,18,10,'VELEZ SARSFIELD',3,NULL,'77918/7919/7920',NULL,NULL,0,NULL,NULL),(397,21,NULL,19,10,'BELGRANO',3,NULL,'77921/7922/7923',NULL,NULL,0,NULL,NULL),(398,22,NULL,20,10,'BARRACAS',2,NULL,'77924/7925',NULL,NULL,0,NULL,NULL),(399,23,NULL,21,10,'BALVANERA',3,NULL,'77926/7927/7928',NULL,NULL,0,NULL,NULL),(400,24,NULL,22,10,'NUEZ',3,NULL,'77929/7930/7931',NULL,NULL,0,NULL,NULL),(401,25,NULL,23,10,'P. PATRICIOS',3,NULL,'77932/7933/7934',NULL,NULL,0,NULL,NULL),(402,26,NULL,24,10,'RECOLETA',3,NULL,'77935/7936/7937',NULL,NULL,0,NULL,NULL),(403,27,NULL,25,10,'V. LOPEZ',2,NULL,'77938/7939',NULL,NULL,0,NULL,NULL),(404,28,NULL,25,10,'SAN FERNANDO',2,NULL,'77938/7939',NULL,NULL,0,NULL,NULL),(405,29,NULL,26,10,'FLORES',3,NULL,'77940/7941/7942',NULL,NULL,0,NULL,NULL),(406,30,NULL,27,10,'AVELLANEDA',3,NULL,'077943/7944/7945',NULL,NULL,0,NULL,NULL),(407,31,NULL,28,10,'QUILMES',3,NULL,'77946/7947/7948',NULL,NULL,0,NULL,NULL),(408,32,NULL,29,10,'LA PLATA',2,NULL,'77949/7950',NULL,NULL,0,NULL,NULL),(409,33,NULL,30,10,'CITY BELL',2,NULL,'77951/7952',NULL,NULL,0,NULL,NULL),(410,34,NULL,31,10,'F. VARELA',2,NULL,'77953/7954',NULL,NULL,0,NULL,NULL),(411,37,NULL,32,10,'BERISSO LP 4',1,NULL,'77955',NULL,NULL,0,NULL,NULL),(412,36,NULL,32,10,'BERISSO ENS',1,NULL,'77955',NULL,NULL,0,NULL,NULL),(413,35,NULL,32,10,'BERISSO 41',1,NULL,'77955',NULL,NULL,0,NULL,NULL),(414,38,NULL,33,10,'BERAZATEGUI',3,NULL,'77956/7957/7958',NULL,NULL,0,NULL,NULL),(415,39,NULL,34,10,'RANELAGH',3,NULL,'77959/7960/7961',NULL,NULL,0,NULL,NULL),(416,40,NULL,35,10,'LANUS O.',3,NULL,'077962/7963/7964',NULL,NULL,0,NULL,NULL),(417,41,NULL,8,10,'LANUS E.',2,NULL,'77965/7966',NULL,NULL,0,NULL,NULL),(418,42,NULL,9,10,'LONGCHAMPS',2,NULL,'77967/7968',NULL,NULL,0,NULL,NULL),(419,43,NULL,10,10,'SAN JOSE',2,NULL,'77969/7970',NULL,NULL,0,NULL,NULL),(420,44,NULL,11,10,'L. DE Z. O.',3,NULL,'77971/7972/7973',NULL,NULL,0,NULL,NULL),(421,45,NULL,12,10,'L. DE Z. E.',3,NULL,'77974/7975/7976',NULL,NULL,0,NULL,NULL),(422,46,NULL,13,10,'E. ECHEV',2,NULL,'77977/7978',NULL,NULL,0,NULL,NULL),(423,47,NULL,14,10,'CAUELAS',3,NULL,'77979/7980/7981',NULL,NULL,0,NULL,NULL),(424,48,NULL,14,10,'EZEIZA',3,NULL,'77979/7980/7981',NULL,NULL,0,NULL,NULL),(425,49,NULL,15,10,'P. PERON',2,NULL,'77982/7983',NULL,NULL,0,NULL,NULL),(426,50,NULL,15,10,'S. VTE.',2,NULL,'77982/7983',NULL,NULL,0,NULL,NULL),(427,51,NULL,16,10,'BURZACO',2,NULL,'77984/7985',NULL,NULL,0,NULL,NULL),(428,52,NULL,36,10,'SAN ISIDDRO',3,NULL,'077986/7987/7988',NULL,NULL,0,NULL,NULL),(429,53,NULL,37,10,'TIGRE',2,NULL,'77989/7990',NULL,NULL,0,NULL,NULL),(430,54,NULL,38,10,'ESCOBAR',2,NULL,'77991/7992',NULL,NULL,0,NULL,NULL),(431,55,NULL,39,10,'PILAR',3,NULL,'77993/7994/7995',NULL,NULL,0,NULL,NULL),(432,56,NULL,40,10,'CAMPANA',2,NULL,'77996/7997',NULL,NULL,0,NULL,NULL),(433,57,NULL,41,10,'ZARATE',3,NULL,'77998/7999/8000',NULL,NULL,0,NULL,NULL),(434,11,NULL,1,11,'la matanza',3,NULL,'078101/8102/8103',NULL,NULL,0,NULL,NULL),(435,12,NULL,2,11,'San Martin (Bs. As)',2,NULL,'78104/8105',NULL,NULL,0,NULL,NULL),(436,13,NULL,3,11,'3 de Febrero',3,NULL,'78106/8107/8108',NULL,NULL,0,NULL,NULL),(437,14,NULL,4,11,'MERLO',2,NULL,'78109/8110',NULL,NULL,0,NULL,NULL),(438,15,NULL,4,11,'MORENO',2,NULL,'78109/8110',NULL,NULL,0,NULL,NULL),(439,16,NULL,5,11,'LAFERRERE',3,NULL,'78111/8112/8113',NULL,NULL,0,NULL,NULL),(440,17,NULL,6,11,'MALVINAS ARGENTINAS',2,NULL,'78114/8115',NULL,NULL,0,NULL,NULL),(441,18,NULL,6,11,'SAN MIGUELL',2,NULL,'78114/8115',NULL,NULL,0,NULL,NULL),(442,19,NULL,17,11,'LUGANO',3,NULL,'078116/8117/8118',NULL,NULL,0,NULL,NULL),(443,20,NULL,18,11,'VELEZ SARSFIELD',3,NULL,'78119/8120/8121',NULL,NULL,0,NULL,NULL),(444,21,NULL,19,11,'BELGRANO',3,NULL,'78122/8123/8124',NULL,NULL,0,NULL,NULL),(445,22,NULL,20,11,'BARRACAS',2,NULL,'78125/8126',NULL,NULL,0,NULL,NULL),(446,23,NULL,21,11,'BALVANERA',3,NULL,'78127/8128/8129',NULL,NULL,0,NULL,NULL),(447,24,NULL,22,11,'NUEZ',3,NULL,'78130/8131/8132',NULL,NULL,0,NULL,NULL),(448,25,NULL,23,11,'P. PATRICIOS',3,NULL,'78133/8134/8135',NULL,NULL,0,NULL,NULL),(449,26,NULL,24,11,'RECOLETA',3,NULL,'78136/8137/8138',NULL,NULL,0,NULL,NULL),(450,27,NULL,25,11,'V. LOPEZ',2,NULL,'78139/8140',NULL,NULL,0,NULL,NULL),(451,28,NULL,25,11,'SAN FERNANDO',2,NULL,'78139/8140',NULL,NULL,0,NULL,NULL),(452,29,NULL,26,11,'FLORES',3,NULL,'78141/8142/8143',NULL,NULL,0,NULL,NULL),(453,30,NULL,27,11,'AVELLANEDA',3,NULL,'078144/8145/8146',NULL,NULL,0,NULL,NULL),(454,31,NULL,28,11,'QUILMES',3,NULL,'78147/8148/8149',NULL,NULL,0,NULL,NULL),(455,32,NULL,29,11,'LA PLATA',2,NULL,'78150/8151',NULL,NULL,0,NULL,NULL),(456,33,NULL,30,11,'CITY BELL',2,NULL,'78152/8153',NULL,NULL,0,NULL,NULL),(457,34,NULL,31,11,'F. VARELA',2,NULL,'78154/8155',NULL,NULL,0,NULL,NULL),(458,37,NULL,32,11,'BERISSO LP 4',1,NULL,'78156',NULL,NULL,0,NULL,NULL),(459,36,NULL,32,11,'BERISSO ENS',1,NULL,'78156',NULL,NULL,0,NULL,NULL),(460,35,NULL,32,11,'BERISSO 41',1,NULL,'78156',NULL,NULL,0,NULL,NULL),(461,38,NULL,33,11,'BERAZATEGUI',3,NULL,'78157/8158/8159',NULL,NULL,0,NULL,NULL),(462,39,NULL,34,11,'RANELAGH',3,NULL,'78160/8161/8162',NULL,NULL,0,NULL,NULL),(463,40,NULL,35,11,'LANUS O.',3,NULL,'078163/8164/8165',NULL,NULL,0,NULL,NULL),(464,41,NULL,8,11,'LANUS E.',2,NULL,'78166/8167',NULL,NULL,0,NULL,NULL),(465,42,NULL,9,11,'LONGCHAMPS',2,NULL,'78168/8169',NULL,NULL,0,NULL,NULL),(466,43,NULL,10,11,'SAN JOSE',2,NULL,'78170/8171',NULL,NULL,0,NULL,NULL),(467,44,NULL,11,11,'L. DE Z. O.',3,NULL,'78172/8173/8174',NULL,NULL,0,NULL,NULL),(468,45,NULL,12,11,'L. DE Z. E.',3,NULL,'78175/8176/8177',NULL,NULL,0,NULL,NULL),(469,46,NULL,13,11,'E. ECHEV',2,NULL,'78178/8179',NULL,NULL,0,NULL,NULL),(470,47,NULL,14,11,'CAUELAS',3,NULL,'78180/8181/8182',NULL,NULL,0,NULL,NULL),(471,48,NULL,14,11,'EZEIZA',3,NULL,'78180/8181/8182',NULL,NULL,0,NULL,NULL),(472,49,NULL,15,11,'P. PERON',2,NULL,'78183/8184',NULL,NULL,0,NULL,NULL),(473,50,NULL,15,11,'S. VTE.',2,NULL,'78183/8184',NULL,NULL,0,NULL,NULL),(474,51,NULL,16,11,'BURZACO',2,NULL,'78185/8186',NULL,NULL,0,NULL,NULL),(475,52,NULL,36,11,'SAN ISIDDRO',3,NULL,'078187/8188/8189',NULL,NULL,0,NULL,NULL),(476,53,NULL,37,11,'TIGRE',2,NULL,'78190/8191',NULL,NULL,0,NULL,NULL),(477,54,NULL,38,11,'ESCOBAR',2,NULL,'78192/8193',NULL,NULL,0,NULL,NULL),(478,55,NULL,39,11,'PILAR',3,NULL,'78194/8195/8196',NULL,NULL,0,NULL,NULL),(479,56,NULL,40,11,'CAMPANA',2,NULL,'78197/8198',NULL,NULL,0,NULL,NULL),(480,57,NULL,41,11,'ZARATE',3,NULL,'78199/8200/8201',NULL,NULL,0,NULL,NULL),(481,11,NULL,1,13,'la matanza',3,NULL,'078202/8203/8204',NULL,NULL,0,NULL,NULL),(482,12,NULL,2,13,'San Martin (Bs. As)',2,NULL,'78205/8206',NULL,NULL,0,NULL,NULL),(483,13,NULL,3,13,'3 de Febrero',3,NULL,'78207/8208/8209',NULL,NULL,0,NULL,NULL),(484,14,NULL,4,13,'MERLO',2,NULL,'78210/8211',NULL,NULL,0,NULL,NULL),(485,15,NULL,4,13,'MORENO',2,NULL,'78210/8211',NULL,NULL,0,NULL,NULL),(486,16,NULL,5,13,'LAFERRERE',3,NULL,'78212/8213/8214',NULL,NULL,0,NULL,NULL),(487,17,NULL,6,13,'MALVINAS ARGENTINAS',2,NULL,'78215/8216',NULL,NULL,0,NULL,NULL),(488,18,NULL,6,13,'SAN MIGUELL',2,NULL,'78215/8216',NULL,NULL,0,NULL,NULL),(489,19,NULL,17,13,'LUGANO',3,NULL,'078217/8218/8219',NULL,NULL,0,NULL,NULL),(490,20,NULL,18,13,'VELEZ SARSFIELD',3,NULL,'78220/8221/8222',NULL,NULL,0,NULL,NULL),(491,21,NULL,19,13,'BELGRANO',3,NULL,'78223/8224/8225',NULL,NULL,0,NULL,NULL),(492,22,NULL,20,13,'BARRACAS',2,NULL,'78226/8227',NULL,NULL,0,NULL,NULL),(493,23,NULL,21,13,'BALVANERA',3,NULL,'78228/8229/8230',NULL,NULL,0,NULL,NULL),(494,24,NULL,22,13,'NUEZ',3,NULL,'78231/8232/8233',NULL,NULL,0,NULL,NULL),(495,25,NULL,23,13,'P. PATRICIOS',3,NULL,'78234/8235/8236',NULL,NULL,0,NULL,NULL),(496,26,NULL,24,13,'RECOLETA',3,NULL,'78237/8238/8239',NULL,NULL,0,NULL,NULL),(497,27,NULL,25,13,'V. LOPEZ',2,NULL,'78240/8241',NULL,NULL,0,NULL,NULL),(498,28,NULL,25,13,'SAN FERNANDO',2,NULL,'78240/8241',NULL,NULL,0,NULL,NULL),(499,29,NULL,26,13,'FLORES',3,NULL,'78242/8243/8244',NULL,NULL,0,NULL,NULL),(500,30,NULL,27,13,'AVELLANEDA',3,NULL,'078245/8246/8247',NULL,NULL,0,NULL,NULL),(501,31,NULL,28,13,'QUILMES',3,NULL,'78248/8249/8250',NULL,NULL,0,NULL,NULL),(502,32,NULL,29,13,'LA PLATA',2,NULL,'78251/8252',NULL,NULL,0,NULL,NULL),(503,33,NULL,30,13,'CITY BELL',2,NULL,'78253/8254',NULL,NULL,0,NULL,NULL),(504,34,NULL,31,13,'F. VARELA',2,NULL,'78255/8256',NULL,NULL,0,NULL,NULL),(505,37,NULL,32,13,'BERISSO LP 4',1,NULL,'78257',NULL,NULL,0,NULL,NULL),(506,36,NULL,32,13,'BERISSO ENS',1,NULL,'78257',NULL,NULL,0,NULL,NULL),(507,35,NULL,32,13,'BERISSO 41',1,NULL,'78257',NULL,NULL,0,NULL,NULL),(508,38,NULL,33,13,'BERAZATEGUI',3,NULL,'78258/8259/8260',NULL,NULL,0,NULL,NULL),(509,39,NULL,34,13,'RANELAGH',3,NULL,'78261/8262/8263',NULL,NULL,0,NULL,NULL),(510,40,NULL,35,13,'LANUS O.',3,NULL,'078264/8265/8266',NULL,NULL,0,NULL,NULL),(511,41,NULL,8,13,'LANUS E.',2,NULL,'78267/8268',NULL,NULL,0,NULL,NULL),(512,42,NULL,9,13,'LONGCHAMPS',2,NULL,'78269/8270',NULL,NULL,0,NULL,NULL),(513,43,NULL,10,13,'SAN JOSE',2,NULL,'78271/8272',NULL,NULL,0,NULL,NULL),(514,44,NULL,11,13,'L. DE Z. O.',3,NULL,'78273/8274/8275',NULL,NULL,0,NULL,NULL),(515,45,NULL,12,13,'L. DE Z. E.',3,NULL,'78276/8277/8278',NULL,NULL,0,NULL,NULL),(516,46,NULL,13,13,'E. ECHEV',2,NULL,'78279/8280',NULL,NULL,0,NULL,NULL),(517,47,NULL,14,13,'CAUELAS',3,NULL,'78281/8282/8283',NULL,NULL,0,NULL,NULL),(518,48,NULL,14,13,'EZEIZA',3,NULL,'78281/8282/8283',NULL,NULL,0,NULL,NULL),(519,49,NULL,15,13,'P. PERON',2,NULL,'78284/8285',NULL,NULL,0,NULL,NULL),(520,50,NULL,15,13,'S. VTE.',2,NULL,'78284/8285',NULL,NULL,0,NULL,NULL),(521,51,NULL,16,13,'BURZACO',2,NULL,'78286/8287',NULL,NULL,0,NULL,NULL),(522,52,NULL,36,13,'SAN ISIDDRO',3,NULL,'078288/8289/8290',NULL,NULL,0,NULL,NULL),(523,53,NULL,37,13,'TIGRE',2,NULL,'78291/8292',NULL,NULL,0,NULL,NULL),(524,54,NULL,38,13,'ESCOBAR',2,NULL,'78293/8294',NULL,NULL,0,NULL,NULL),(525,55,NULL,39,13,'PILAR',3,NULL,'78295/8296/8297',NULL,NULL,0,NULL,NULL),(526,56,NULL,40,13,'CAMPANA',2,NULL,'78298/8299',NULL,NULL,0,NULL,NULL),(527,57,NULL,41,13,'ZARATE',3,NULL,'78300/8301/8302',NULL,NULL,0,NULL,NULL),(528,11,NULL,1,14,'la matanza',3,NULL,'078303/8304/8305',NULL,NULL,0,NULL,NULL),(529,12,NULL,2,14,'San Martin (Bs. As)',2,NULL,'78306/8307',NULL,NULL,0,NULL,NULL),(530,13,NULL,3,14,'3 de Febrero',3,NULL,'78308/8309/8310',NULL,NULL,0,NULL,NULL),(531,14,NULL,4,14,'MERLO',2,NULL,'78311/8312',NULL,NULL,0,NULL,NULL),(532,15,NULL,4,14,'MORENO',2,NULL,'78311/8312',NULL,NULL,0,NULL,NULL),(533,16,NULL,5,14,'LAFERRERE',3,NULL,'78313/8314/8315',NULL,NULL,0,NULL,NULL),(534,17,NULL,6,14,'MALVINAS ARGENTINAS',2,NULL,'78316/8317',NULL,NULL,0,NULL,NULL),(535,18,NULL,6,14,'SAN MIGUELL',2,NULL,'78316/8317',NULL,NULL,0,NULL,NULL),(536,19,NULL,17,14,'LUGANO',3,NULL,'078318/8319/8320',NULL,NULL,0,NULL,NULL),(537,20,NULL,18,14,'VELEZ SARSFIELD',3,NULL,'78321/8322/8323',NULL,NULL,0,NULL,NULL),(538,21,NULL,19,14,'BELGRANO',3,NULL,'78324/8325/8326',NULL,NULL,0,NULL,NULL),(539,22,NULL,20,14,'BARRACAS',2,NULL,'78327/8328',NULL,NULL,0,NULL,NULL),(540,23,NULL,21,14,'BALVANERA',3,NULL,'78329/8330/8331',NULL,NULL,0,NULL,NULL),(541,24,NULL,22,14,'NUEZ',3,NULL,'78332/8333/8334',NULL,NULL,0,NULL,NULL),(542,25,NULL,23,14,'P. PATRICIOS',3,NULL,'78335/8336/8337',NULL,NULL,0,NULL,NULL),(543,26,NULL,24,14,'RECOLETA',3,NULL,'78338/8339/8340',NULL,NULL,0,NULL,NULL),(544,27,NULL,25,14,'V. LOPEZ',2,NULL,'78341/8342',NULL,NULL,0,NULL,NULL),(545,28,NULL,25,14,'SAN FERNANDO',2,NULL,'78341/8342',NULL,NULL,0,NULL,NULL),(546,29,NULL,26,14,'FLORES',3,NULL,'78343/8344/8345',NULL,NULL,0,NULL,NULL),(547,30,NULL,27,14,'AVELLANEDA',3,NULL,'078346/8347/8348',NULL,NULL,0,NULL,NULL),(548,31,NULL,28,14,'QUILMES',3,NULL,'78349/8350/8351',NULL,NULL,0,NULL,NULL),(549,32,NULL,29,14,'LA PLATA',2,NULL,'78352/8353',NULL,NULL,0,NULL,NULL),(550,33,NULL,30,14,'CITY BELL',2,NULL,'78354/8355',NULL,NULL,0,NULL,NULL),(551,34,NULL,31,14,'F. VARELA',2,NULL,'78356/8357',NULL,NULL,0,NULL,NULL),(552,37,NULL,32,14,'BERISSO LP 4',1,NULL,'78358',NULL,NULL,0,NULL,NULL),(553,36,NULL,32,14,'BERISSO ENS',1,NULL,'78358',NULL,NULL,0,NULL,NULL),(554,35,NULL,32,14,'BERISSO 41',1,NULL,'78358',NULL,NULL,0,NULL,NULL),(555,38,NULL,33,14,'BERAZATEGUI',3,NULL,'78359/8360/8361',NULL,NULL,0,NULL,NULL),(556,39,NULL,34,14,'RANELAGH',3,NULL,'78362/8363/8364',NULL,NULL,0,NULL,NULL),(557,40,NULL,35,14,'LANUS O.',3,NULL,'078365/8366/8367',NULL,NULL,0,NULL,NULL),(558,41,NULL,8,14,'LANUS E.',2,NULL,'78368/8369',NULL,NULL,0,NULL,NULL),(559,42,NULL,9,14,'LONGCHAMPS',2,NULL,'78370/8371',NULL,NULL,0,NULL,NULL),(560,43,NULL,10,14,'SAN JOSE',2,NULL,'78372/8373',NULL,NULL,0,NULL,NULL),(561,44,NULL,11,14,'L. DE Z. O.',3,NULL,'78374/8375/8376',NULL,NULL,0,NULL,NULL),(562,45,NULL,12,14,'L. DE Z. E.',3,NULL,'78377/8378/8379',NULL,NULL,0,NULL,NULL),(563,46,NULL,13,14,'E. ECHEV',2,NULL,'78380/8381',NULL,NULL,0,NULL,NULL),(564,47,NULL,14,14,'CAUELAS',3,NULL,'78382/8383/8384',NULL,NULL,0,NULL,NULL),(565,48,NULL,14,14,'EZEIZA',3,NULL,'78382/8383/8384',NULL,NULL,0,NULL,NULL),(566,49,NULL,15,14,'P. PERON',2,NULL,'78385/8386',NULL,NULL,0,NULL,NULL),(567,50,NULL,15,14,'S. VTE.',2,NULL,'78385/8386',NULL,NULL,0,NULL,NULL),(568,51,NULL,16,14,'BURZACO',2,NULL,'78387/8388',NULL,NULL,0,NULL,NULL),(569,52,NULL,36,14,'SAN ISIDDRO',3,NULL,'078389/8390/8391',NULL,NULL,0,NULL,NULL),(570,53,NULL,37,14,'TIGRE',2,NULL,'78392/8393',NULL,NULL,0,NULL,NULL),(571,54,NULL,38,14,'ESCOBAR',2,NULL,'78394/8395',NULL,NULL,0,NULL,NULL),(572,55,NULL,39,14,'PILAR',3,NULL,'78396/8397/8398',NULL,NULL,0,NULL,NULL),(573,56,NULL,40,14,'CAMPANA',2,NULL,'78399/8400',NULL,NULL,0,NULL,NULL),(574,57,NULL,41,14,'ZARATE',3,NULL,'78401/8402/8403',NULL,NULL,0,NULL,NULL),(575,11,NULL,1,15,'la matanza',3,NULL,'078404/8405/8406',NULL,NULL,0,NULL,NULL),(576,12,NULL,2,15,'San Martin (Bs. As)',2,NULL,'78407/8408',NULL,NULL,0,NULL,NULL),(577,13,NULL,3,15,'3 de Febrero',3,NULL,'78409/8410/8411',NULL,NULL,0,NULL,NULL),(578,14,NULL,4,15,'MERLO',2,NULL,'78412/8413',NULL,NULL,0,NULL,NULL),(579,15,NULL,4,15,'MORENO',2,NULL,'78412/8413',NULL,NULL,0,NULL,NULL),(580,16,NULL,5,15,'LAFERRERE',3,NULL,'78414/8415/8416',NULL,NULL,0,NULL,NULL),(581,17,NULL,6,15,'MALVINAS ARGENTINAS',2,NULL,'78417/8418',NULL,NULL,0,NULL,NULL),(582,18,NULL,6,15,'SAN MIGUELL',2,NULL,'78417/8418',NULL,NULL,0,NULL,NULL),(583,19,NULL,17,15,'LUGANO',3,NULL,'078419/8420/8421',NULL,NULL,0,NULL,NULL),(584,20,NULL,18,15,'VELEZ SARSFIELD',3,NULL,'78422/8423/8424',NULL,NULL,0,NULL,NULL),(585,21,NULL,19,15,'BELGRANO',3,NULL,'78425/8426/8427',NULL,NULL,0,NULL,NULL),(586,22,NULL,20,15,'BARRACAS',2,NULL,'78428/8429',NULL,NULL,0,NULL,NULL),(587,23,NULL,21,15,'BALVANERA',3,NULL,'78430/8431/8432',NULL,NULL,0,NULL,NULL),(588,24,NULL,22,15,'NUEZ',3,NULL,'78433/8434/8435',NULL,NULL,0,NULL,NULL),(589,25,NULL,23,15,'P. PATRICIOS',3,NULL,'78436/8437/8438',NULL,NULL,0,NULL,NULL),(590,26,NULL,24,15,'RECOLETA',3,NULL,'78439/8440/8441',NULL,NULL,0,NULL,NULL),(591,27,NULL,25,15,'V. LOPEZ',2,NULL,'78442/8443',NULL,NULL,0,NULL,NULL),(592,28,NULL,25,15,'SAN FERNANDO',2,NULL,'78442/8443',NULL,NULL,0,NULL,NULL),(593,29,NULL,26,15,'FLORES',3,NULL,'78444/8445/8446',NULL,NULL,0,NULL,NULL),(594,30,NULL,27,15,'AVELLANEDA',3,NULL,'078447/8448/8449',NULL,NULL,0,NULL,NULL),(595,31,NULL,28,15,'QUILMES',3,NULL,'78450/8451/8452',NULL,NULL,0,NULL,NULL),(596,32,NULL,29,15,'LA PLATA',2,NULL,'78453/8454',NULL,NULL,0,NULL,NULL),(597,33,NULL,30,15,'CITY BELL',2,NULL,'78455/8456',NULL,NULL,0,NULL,NULL),(598,34,NULL,31,15,'F. VARELA',2,NULL,'78457/8458',NULL,NULL,0,NULL,NULL),(599,37,NULL,32,15,'BERISSO LP 4',1,NULL,'78459',NULL,NULL,0,NULL,NULL),(600,36,NULL,32,15,'BERISSO ENS',1,NULL,'78459',NULL,NULL,0,NULL,NULL),(601,35,NULL,32,15,'BERISSO 41',1,NULL,'78459',NULL,NULL,0,NULL,NULL),(602,38,NULL,33,15,'BERAZATEGUI',3,NULL,'78460/8461/8462',NULL,NULL,0,NULL,NULL),(603,39,NULL,34,15,'RANELAGH',3,NULL,'78463/8464/8465',NULL,NULL,0,NULL,NULL),(604,40,NULL,35,15,'LANUS O.',3,NULL,'078466/8467/8468',NULL,NULL,0,NULL,NULL),(605,41,NULL,8,15,'LANUS E.',2,NULL,'78469/8470',NULL,NULL,0,NULL,NULL),(606,42,NULL,9,15,'LONGCHAMPS',2,NULL,'78471/8472',NULL,NULL,0,NULL,NULL),(607,43,NULL,10,15,'SAN JOSE',2,NULL,'78473/8474',NULL,NULL,0,NULL,NULL),(608,44,NULL,11,15,'L. DE Z. O.',3,NULL,'78475/8476/8477',NULL,NULL,0,NULL,NULL),(609,45,NULL,12,15,'L. DE Z. E.',3,NULL,'78478/8479/8480',NULL,NULL,0,NULL,NULL),(610,46,NULL,13,15,'E. ECHEV',2,NULL,'78481/8482',NULL,NULL,0,NULL,NULL),(611,47,NULL,14,15,'CAUELAS',3,NULL,'78483/8484/8485',NULL,NULL,0,NULL,NULL),(612,48,NULL,14,15,'EZEIZA',3,NULL,'78483/8484/8485',NULL,NULL,0,NULL,NULL),(613,49,NULL,15,15,'P. PERON',2,NULL,'78486/8487',NULL,NULL,0,NULL,NULL),(614,50,NULL,15,15,'S. VTE.',2,NULL,'78486/8487',NULL,NULL,0,NULL,NULL),(615,51,NULL,16,15,'BURZACO',2,NULL,'78488/8489',NULL,NULL,0,NULL,NULL),(616,52,NULL,36,15,'SAN ISIDDRO',3,NULL,'078490/8491/8492',NULL,NULL,0,NULL,NULL),(617,53,NULL,37,15,'TIGRE',2,NULL,'78493/8494',NULL,NULL,0,NULL,NULL),(618,54,NULL,38,15,'ESCOBAR',2,NULL,'78495/8496',NULL,NULL,0,NULL,NULL),(619,55,NULL,39,15,'PILAR',3,NULL,'78497/8498/8499',NULL,NULL,0,NULL,NULL),(620,56,NULL,40,15,'CAMPANA',2,NULL,'78500/8501',NULL,NULL,0,NULL,NULL),(621,57,NULL,41,15,'ZARATE',3,NULL,'78502/8503/8504',NULL,NULL,0,NULL,NULL),(622,11,NULL,1,16,'la matanza',3,NULL,'0748601/8602/8603',NULL,NULL,0,NULL,NULL),(623,12,NULL,2,16,'San Martin (Bs. As)',2,NULL,'748604/8605',NULL,NULL,0,NULL,NULL),(624,13,NULL,3,16,'3 de Febrero',3,NULL,'748606/8607/8608',NULL,NULL,0,NULL,NULL),(625,14,NULL,4,16,'MERLO',2,NULL,'748609/8610',NULL,NULL,0,NULL,NULL),(626,15,NULL,4,16,'MORENO',2,NULL,'748609/8610',NULL,NULL,0,NULL,NULL),(627,16,NULL,5,16,'LAFERRERE',3,NULL,'748611/8612/8613',NULL,NULL,0,NULL,NULL),(628,17,NULL,6,16,'MALVINAS ARGENTINAS',2,NULL,'748614/8615',NULL,NULL,0,NULL,NULL),(629,18,NULL,6,16,'SAN MIGUELL',2,NULL,'748614/8615',NULL,NULL,0,NULL,NULL),(630,19,NULL,17,16,'LUGANO',3,NULL,'0748616/8617/8618',NULL,NULL,0,NULL,NULL),(631,20,NULL,18,16,'VELEZ SARSFIELD',3,NULL,'748619/8620/8621',NULL,NULL,0,NULL,NULL),(632,21,NULL,19,16,'BELGRANO',3,NULL,'748622/8623/8624',NULL,NULL,0,NULL,NULL),(633,22,NULL,20,16,'BARRACAS',2,NULL,'748625/8626',NULL,NULL,0,NULL,NULL),(634,23,NULL,21,16,'BALVANERA',3,NULL,'748627/8628/8629',NULL,NULL,0,NULL,NULL),(635,24,NULL,22,16,'NUEZ',3,NULL,'748630/8631/8632',NULL,NULL,0,NULL,NULL),(636,25,NULL,23,16,'P. PATRICIOS',3,NULL,'748633/8634/8635',NULL,NULL,0,NULL,NULL),(637,26,NULL,24,16,'RECOLETA',3,NULL,'748636/8637/8638',NULL,NULL,0,NULL,NULL),(638,27,NULL,25,16,'V. LOPEZ',2,NULL,'748639/8640',NULL,NULL,0,NULL,NULL),(639,28,NULL,25,16,'SAN FERNANDO',2,NULL,'748639/8640',NULL,NULL,0,NULL,NULL),(640,29,NULL,26,16,'FLORES',3,NULL,'748641/8642/8643',NULL,NULL,0,NULL,NULL),(641,30,NULL,27,16,'AVELLANEDA',3,NULL,'0748644/8645/8646',NULL,NULL,0,NULL,NULL),(642,31,NULL,28,16,'QUILMES',3,NULL,'748647/8648/8649',NULL,NULL,0,NULL,NULL),(643,32,NULL,29,16,'LA PLATA',2,NULL,'748650/8651',NULL,NULL,0,NULL,NULL),(644,33,NULL,30,16,'CITY BELL',2,NULL,'748652/8653',NULL,NULL,0,NULL,NULL),(645,34,NULL,31,16,'F. VARELA',2,NULL,'748654/8655',NULL,NULL,0,NULL,NULL),(646,37,NULL,32,16,'BERISSO LP 4',1,NULL,'748656',NULL,NULL,0,NULL,NULL),(647,36,NULL,32,16,'BERISSO ENS',1,NULL,'748656',NULL,NULL,0,NULL,NULL),(648,35,NULL,32,16,'BERISSO 41',1,NULL,'748656',NULL,NULL,0,NULL,NULL),(649,38,NULL,33,16,'BERAZATEGUI',3,NULL,'748657/8658/8659',NULL,NULL,0,NULL,NULL),(650,39,NULL,34,16,'RANELAGH',3,NULL,'748660/8661/8662',NULL,NULL,0,NULL,NULL),(651,40,NULL,35,16,'LANUS O.',3,NULL,'0748662/8663/8664',NULL,NULL,0,NULL,NULL),(652,41,NULL,8,16,'LANUS E.',2,NULL,'748665/8666',NULL,NULL,0,NULL,NULL),(653,42,NULL,9,16,'LONGCHAMPS',2,NULL,'748667/8668',NULL,NULL,0,NULL,NULL),(654,43,NULL,10,16,'SAN JOSE',2,NULL,'748669/8670',NULL,NULL,0,NULL,NULL),(655,44,NULL,11,16,'L. DE Z. O.',3,NULL,'748671/8672/8673',NULL,NULL,0,NULL,NULL),(656,45,NULL,12,16,'L. DE Z. E.',3,NULL,'748674/8675/8676',NULL,NULL,0,NULL,NULL),(657,46,NULL,13,16,'E. ECHEV',2,NULL,'748677/8678',NULL,NULL,0,NULL,NULL),(658,47,NULL,14,16,'CAUELAS',3,NULL,'748679/8680/8681',NULL,NULL,0,NULL,NULL),(659,48,NULL,14,16,'EZEIZA',3,NULL,'748679/8680/8681',NULL,NULL,0,NULL,NULL),(660,49,NULL,15,16,'P. PERON',2,NULL,'748682/8683',NULL,NULL,0,NULL,NULL),(661,50,NULL,15,16,'S. VTE.',2,NULL,'748682/8683',NULL,NULL,0,NULL,NULL),(662,51,NULL,16,16,'BURZACO',2,NULL,'748684/8685',NULL,NULL,0,NULL,NULL),(663,52,NULL,36,16,'SAN ISIDDRO',3,NULL,'078686/8687/8688',NULL,NULL,0,NULL,NULL),(664,53,NULL,37,16,'TIGRE',2,NULL,'78689/8690',NULL,NULL,0,NULL,NULL),(665,54,NULL,38,16,'ESCOBAR',2,NULL,'78691/8692',NULL,NULL,0,NULL,NULL),(666,55,NULL,39,16,'PILAR',3,NULL,'78693/8694/8695',NULL,NULL,0,NULL,NULL),(667,56,NULL,40,16,'CAMPANA',2,NULL,'78696/8697',NULL,NULL,0,NULL,NULL),(668,57,NULL,41,16,'ZARATE',3,NULL,'78698/8699/8700',NULL,NULL,0,NULL,NULL),(669,11,NULL,1,17,'la matanza',3,NULL,'078701/8702/8703',NULL,NULL,0,NULL,NULL),(670,12,NULL,2,17,'San Martin (Bs. As)',2,NULL,'78704/8705',NULL,NULL,0,NULL,NULL),(671,13,NULL,3,17,'3 de Febrero',3,NULL,'78706/8707/8708',NULL,NULL,0,NULL,NULL),(672,14,NULL,4,17,'MERLO',2,NULL,'78709/8710',NULL,NULL,0,NULL,NULL),(673,15,NULL,4,17,'MORENO',2,NULL,'78709/8710',NULL,NULL,0,NULL,NULL),(674,16,NULL,5,17,'LAFERRERE',3,NULL,'78711/8712/8713',NULL,NULL,0,NULL,NULL),(675,17,NULL,6,17,'MALVINAS ARGENTINAS',2,NULL,'78714/8715',NULL,NULL,0,NULL,NULL),(676,18,NULL,6,17,'SAN MIGUELL',2,NULL,'78714/8715',NULL,NULL,0,NULL,NULL),(677,19,NULL,17,17,'LUGANO',3,NULL,'078716/8717/8718',NULL,NULL,0,NULL,NULL),(678,20,NULL,18,17,'VELEZ SARSFIELD',3,NULL,'78719/8720/8721',NULL,NULL,0,NULL,NULL),(679,21,NULL,19,17,'BELGRANO',3,NULL,'78722/8723/8724',NULL,NULL,0,NULL,NULL),(680,22,NULL,20,17,'BARRACAS',2,NULL,'78725/8726',NULL,NULL,0,NULL,NULL),(681,23,NULL,21,17,'BALVANERA',3,NULL,'78727/8728/8729',NULL,NULL,0,NULL,NULL),(682,24,NULL,22,17,'NUEZ',3,NULL,'78730/8731/8732',NULL,NULL,0,NULL,NULL),(683,25,NULL,23,17,'P. PATRICIOS',3,NULL,'78733/8734/8735',NULL,NULL,0,NULL,NULL),(684,26,NULL,24,17,'RECOLETA',3,NULL,'78736/8737/8738',NULL,NULL,0,NULL,NULL),(685,27,NULL,25,17,'V. LOPEZ',2,NULL,'78739/8740',NULL,NULL,0,NULL,NULL),(686,28,NULL,25,17,'SAN FERNANDO',2,NULL,'78739/8740',NULL,NULL,0,NULL,NULL),(687,29,NULL,26,17,'FLORES',3,NULL,'78741/8742/8743',NULL,NULL,0,NULL,NULL),(688,30,NULL,27,17,'AVELLANEDA',3,NULL,'078735/36/37',NULL,NULL,0,NULL,NULL),(689,31,NULL,28,17,'QUILMES',3,NULL,'78738/39/40',NULL,NULL,0,NULL,NULL),(690,32,NULL,29,17,'LA PLATA',2,NULL,'78741/42',NULL,NULL,0,NULL,NULL),(691,33,NULL,30,17,'CITY BELL',2,NULL,'78743/44',NULL,NULL,0,NULL,NULL),(692,34,NULL,31,17,'F. VARELA',2,NULL,'78745/46',NULL,NULL,0,NULL,NULL),(693,37,NULL,32,17,'BERISSO LP 4',1,NULL,'78747',NULL,NULL,0,NULL,NULL),(694,36,NULL,32,17,'BERISSO ENS',1,NULL,'78747',NULL,NULL,0,NULL,NULL),(695,35,NULL,32,17,'BERISSO 41',1,NULL,'78747',NULL,NULL,0,NULL,NULL),(696,38,NULL,33,17,'BERAZATEGUI',3,NULL,'78748/49/50',NULL,NULL,0,NULL,NULL),(697,39,NULL,34,17,'RANELAGH',3,NULL,'78751/52/53',NULL,NULL,0,NULL,NULL),(698,40,NULL,35,17,'LANUS O.',3,NULL,'078754/8755/8756',NULL,NULL,0,NULL,NULL),(699,41,NULL,8,17,'LANUS E.',2,NULL,'78757/8758',NULL,NULL,0,NULL,NULL),(700,42,NULL,9,17,'LONGCHAMPS',2,NULL,'78759/8760',NULL,NULL,0,NULL,NULL),(701,43,NULL,10,17,'SAN JOSE',2,NULL,'78761/8762',NULL,NULL,0,NULL,NULL),(702,44,NULL,11,17,'L. DE Z. O.',3,NULL,'78763/8764/8765',NULL,NULL,0,NULL,NULL),(703,45,NULL,12,17,'L. DE Z. E.',3,NULL,'78766/8767/8768',NULL,NULL,0,NULL,NULL),(704,46,NULL,13,17,'E. ECHEV',2,NULL,'78769/8770',NULL,NULL,0,NULL,NULL),(705,47,NULL,14,17,'CAUELAS',3,NULL,'78771/8772/8773',NULL,NULL,0,NULL,NULL),(706,48,NULL,14,17,'EZEIZA',3,NULL,'78771/8772/8773',NULL,NULL,0,NULL,NULL),(707,49,NULL,15,17,'P. PERON',2,NULL,'78774/8775',NULL,NULL,0,NULL,NULL),(708,50,NULL,15,17,'S. VTE.',2,NULL,'78774/8775',NULL,NULL,0,NULL,NULL),(709,51,NULL,16,17,'BURZACO',2,NULL,'78776/8777',NULL,NULL,0,NULL,NULL),(710,52,NULL,36,17,'SAN ISIDDRO',3,NULL,'078788/8789/8790',NULL,NULL,0,NULL,NULL),(711,53,NULL,37,17,'TIGRE',2,NULL,'78791/8792',NULL,NULL,0,NULL,NULL),(712,54,NULL,38,17,'ESCOBAR',2,NULL,'78793/8794',NULL,NULL,0,NULL,NULL),(713,55,NULL,39,17,'PILAR',3,NULL,'78795/8796/8797',NULL,NULL,0,NULL,NULL),(714,56,NULL,40,17,'CAMPANA',2,NULL,'78798/8799',NULL,NULL,0,NULL,NULL),(715,57,NULL,41,17,'ZARATE',3,NULL,'78800/8801/8802',NULL,NULL,0,NULL,NULL);
/*!40000 ALTER TABLE `sig_sol_as_gpo` ENABLE KEYS */;
UNLOCK TABLES;

--
-- Table structure for table `sig_trp_sol`
--

DROP TABLE IF EXISTS `sig_trp_sol`;
/*!40101 SET @saved_cs_client     = @@character_set_client */;
/*!40101 SET character_set_client = utf8 */;
CREATE TABLE `sig_trp_sol` (
  `id` int(11) NOT NULL AUTO_INCREMENT,
  `id_gpo_solic` int(11) DEFAULT NULL,
  `fechaCongelado` datetime NOT NULL,
  `fechaElaboracion` datetime NOT NULL,
  `fechaFaena` datetime NOT NULL,
  `fechaVto` datetime NOT NULL,
  `numeroTropa` varchar(255) COLLATE utf8_unicode_ci NOT NULL,
  `lote` varchar(255) COLLATE utf8_unicode_ci NOT NULL,
  PRIMARY KEY (`id`),
  KEY `IDX_51168C788E36FC58` (`id_gpo_solic`),
  CONSTRAINT `FK_51168C788E36FC58` FOREIGN KEY (`id_gpo_solic`) REFERENCES `sig_grpo_solic` (`id`)
) ENGINE=InnoDB AUTO_INCREMENT=21 DEFAULT CHARSET=utf8 COLLATE=utf8_unicode_ci;
/*!40101 SET character_set_client = @saved_cs_client */;

--
-- Dumping data for table `sig_trp_sol`
--

LOCK TABLES `sig_trp_sol` WRITE;
/*!40000 ALTER TABLE `sig_trp_sol` DISABLE KEYS */;
INSERT INTO `sig_trp_sol` VALUES (1,1,'2020-04-15 00:00:00','2020-04-15 00:00:00','2020-04-15 00:00:00','2020-04-15 00:00:00','0','200415'),(2,2,'2020-04-24 00:00:00','2020-04-23 00:00:00','2020-04-23 00:00:00','2020-05-08 00:00:00','200423','200423'),(3,3,'2020-04-27 00:00:00','2020-04-24 00:00:00','2020-04-24 00:00:00','2020-05-09 00:00:00','200424','200424'),(4,4,'2020-04-24 00:00:00','2020-04-24 00:00:00','2020-04-24 00:00:00','2020-05-09 00:00:00','200424','200424'),(5,5,'2020-04-27 00:00:00','2020-04-27 00:00:00','2020-04-27 00:00:00','2020-04-12 00:00:00','200427','200427'),(6,5,'2020-04-27 00:00:00','2020-04-27 00:00:00','2020-04-27 00:00:00','2020-05-12 00:00:00','200427','200427'),(7,6,'2020-04-28 00:00:00','2020-04-28 00:00:00','2020-04-28 00:00:00','2020-05-13 00:00:00','200428','200428'),(8,7,'2020-04-28 00:00:00','2020-04-28 00:00:00','2020-04-28 00:00:00','2020-05-13 00:00:00','200428','200428'),(9,8,'2020-04-30 00:00:00','2020-04-30 00:00:00','2020-04-30 00:00:00','2020-05-15 00:00:00','200430','200430'),(10,8,'2020-04-30 00:00:00','2020-04-30 00:00:00','2020-04-30 00:00:00','2020-05-15 00:00:00','200430','200430'),(11,9,'2020-05-04 00:00:00','2020-05-04 00:00:00','2020-05-04 00:00:00','2020-05-19 00:00:00','200504','200504'),(12,10,'2020-05-05 00:00:00','2020-05-05 00:00:00','2020-05-05 00:00:00','2020-05-20 00:00:00','200505','200505'),(13,11,'2020-05-06 00:00:00','2020-05-06 00:00:00','2020-05-06 00:00:00','2020-05-21 00:00:00','200506','200506'),(14,12,'2020-05-08 00:00:00','2020-05-08 00:00:00','2020-05-08 00:00:00','2022-05-23 00:00:00','200508','200508'),(15,13,'2020-05-07 00:00:00','2020-05-07 00:00:00','2020-05-07 00:00:00','2020-05-22 00:00:00','200507','200507'),(16,14,'2020-05-08 00:00:00','2020-05-08 00:00:00','2020-02-20 00:00:00','2020-05-23 00:00:00','200508','200508'),(17,14,'2020-05-08 00:00:00','2020-05-08 00:00:00','2020-05-08 00:00:00','2020-05-23 00:00:00','200508','200508'),(18,15,'2020-05-11 00:00:00','2020-05-11 00:00:00','2020-05-11 00:00:00','2020-05-26 00:00:00','200511','200511'),(19,16,'2020-05-12 00:00:00','2020-05-12 00:00:00','2020-05-12 00:00:00','2020-05-27 00:00:00','200512','200512'),(20,17,'2020-05-13 00:00:00','2020-05-13 00:00:00','2020-05-13 00:00:00','2020-05-28 00:00:00','200513','200513');
/*!40000 ALTER TABLE `sig_trp_sol` ENABLE KEYS */;
UNLOCK TABLES;

--
-- Table structure for table `sig_zna_repto`
--

DROP TABLE IF EXISTS `sig_zna_repto`;
/*!40101 SET @saved_cs_client     = @@character_set_client */;
/*!40101 SET character_set_client = utf8 */;
CREATE TABLE `sig_zna_repto` (
  `id` int(11) NOT NULL AUTO_INCREMENT,
  `zona` varchar(255) COLLATE utf8_unicode_ci NOT NULL,
  `id_region` int(11) DEFAULT NULL,
  `codigo` int(11) NOT NULL,
  `id_camion` int(11) DEFAULT NULL,
  PRIMARY KEY (`id`),
  KEY `IDX_B1F1446B2955449B` (`id_region`),
  KEY `IDX_B1F1446B7BE2D301` (`id_camion`),
  CONSTRAINT `FK_B1F1446B7BE2D301` FOREIGN KEY (`id_camion`) REFERENCES `sig_cmion_rpto` (`id`),
  CONSTRAINT `FK_B1F1446B2955449B` FOREIGN KEY (`id_region`) REFERENCES `sig_reg_rpto` (`id`)
) ENGINE=InnoDB AUTO_INCREMENT=58 DEFAULT CHARSET=utf8 COLLATE=utf8_unicode_ci;
/*!40101 SET character_set_client = @saved_cs_client */;

--
-- Dumping data for table `sig_zna_repto`
--

LOCK TABLES `sig_zna_repto` WRITE;
/*!40000 ALTER TABLE `sig_zna_repto` DISABLE KEYS */;
INSERT INTO `sig_zna_repto` VALUES (11,'la matanza',1,21,1),(12,'San Martin (Bs. As)',1,22,2),(13,'3 de Febrero',1,23,3),(14,'MERLO',1,24,4),(15,'MORENO',1,24,4),(16,'LAFERRERE',1,26,5),(17,'MALVINAS ARGENTINAS',1,69,6),(18,'SAN MIGUELL',1,69,6),(19,'LUGANO',2,30,17),(20,'VELEZ SARSFIELD',2,32,18),(21,'BELGRANO',2,33,19),(22,'BARRACAS',2,34,20),(23,'BALVANERA',2,35,21),(24,'NUEZ',2,36,22),(25,'P. PATRICIOS',2,37,23),(26,'RECOLETA',2,39,24),(27,'V. LOPEZ',2,60,25),(28,'SAN FERNANDO',2,62,25),(29,'FLORES',2,78,26),(30,'AVELLANEDA',3,10,27),(31,'QUILMES',3,14,28),(32,'LA PLATA',3,40,29),(33,'CITY BELL',3,41,30),(34,'F. VARELA',3,42,31),(35,'BERISSO 41',3,44,32),(36,'BERISSO ENS',3,44,32),(37,'BERISSO LP 4',3,44,32),(38,'BERAZATEGUI',3,45,33),(39,'RANELAGH',3,46,34),(40,'LANUS O.',4,12,35),(41,'LANUS E.',4,13,8),(42,'LONGCHAMPS',4,50,9),(43,'SAN JOSE',4,51,10),(44,'L. DE Z. O.',4,52,11),(45,'L. DE Z. E.',4,53,12),(46,'E. ECHEV',4,54,13),(47,'CAUELAS',4,55,14),(48,'EZEIZA',4,55,14),(49,'P. PERON',4,56,15),(50,'S. VTE.',4,56,15),(51,'BURZACO',4,57,16),(52,'SAN ISIDDRO',5,61,36),(53,'TIGRE',5,63,37),(54,'ESCOBAR',5,65,38),(55,'PILAR',5,70,39),(56,'CAMPANA',5,71,40),(57,'ZARATE',5,72,41);
/*!40000 ALTER TABLE `sig_zna_repto` ENABLE KEYS */;
UNLOCK TABLES;

--
-- Table structure for table `solicitud`
--

DROP TABLE IF EXISTS `solicitud`;
/*!40101 SET @saved_cs_client     = @@character_set_client */;
/*!40101 SET character_set_client = utf8 */;
CREATE TABLE `solicitud` (
  `id` int(11) NOT NULL AUTO_INCREMENT,
  `lugarDestino` varchar(255) COLLATE utf8_unicode_ci NOT NULL,
  `precintoAduana` varchar(255) COLLATE utf8_unicode_ci NOT NULL,
  `precintoSenasa` varchar(255) COLLATE utf8_unicode_ci NOT NULL,
  `observaciones` longtext COLLATE utf8_unicode_ci NOT NULL,
  `remitoNumero` varchar(255) COLLATE utf8_unicode_ci NOT NULL,
  `temperatura` double NOT NULL,
  `termoTemperatura` double NOT NULL,
  `termoTiempo` time NOT NULL,
  PRIMARY KEY (`id`)
) ENGINE=InnoDB DEFAULT CHARSET=utf8 COLLATE=utf8_unicode_ci;
/*!40101 SET character_set_client = @saved_cs_client */;

--
-- Dumping data for table `solicitud`
--

LOCK TABLES `solicitud` WRITE;
/*!40000 ALTER TABLE `solicitud` DISABLE KEYS */;
/*!40000 ALTER TABLE `solicitud` ENABLE KEYS */;
UNLOCK TABLES;

--
-- Table structure for table `sp_art_proc_fa`
--

DROP TABLE IF EXISTS `sp_art_proc_fa`;
/*!40101 SET @saved_cs_client     = @@character_set_client */;
/*!40101 SET character_set_client = utf8 */;
CREATE TABLE `sp_art_proc_fa` (
  `id` int(11) NOT NULL AUTO_INCREMENT,
  `id_art_abs` int(11) DEFAULT NULL,
  `id_proc_fan` int(11) DEFAULT NULL,
  `activo` tinyint(1) NOT NULL DEFAULT '1',
  PRIMARY KEY (`id`),
  KEY `IDX_78009BC60344CDA` (`id_art_abs`),
  KEY `IDX_78009BCCCB66DA3` (`id_proc_fan`),
  CONSTRAINT `FK_78009BCCCB66DA3` FOREIGN KEY (`id_proc_fan`) REFERENCES `sp_proc_fan` (`id`),
  CONSTRAINT `FK_78009BC60344CDA` FOREIGN KEY (`id_art_abs`) REFERENCES `sp_gst_art` (`id`)
) ENGINE=InnoDB DEFAULT CHARSET=utf8 COLLATE=utf8_unicode_ci;
/*!40101 SET character_set_client = @saved_cs_client */;

--
-- Dumping data for table `sp_art_proc_fa`
--

LOCK TABLES `sp_art_proc_fa` WRITE;
/*!40000 ALTER TABLE `sp_art_proc_fa` DISABLE KEYS */;
/*!40000 ALTER TABLE `sp_art_proc_fa` ENABLE KEYS */;
UNLOCK TABLES;

--
-- Table structure for table `sp_atr_for_art`
--

DROP TABLE IF EXISTS `sp_atr_for_art`;
/*!40101 SET @saved_cs_client     = @@character_set_client */;
/*!40101 SET character_set_client = utf8 */;
CREATE TABLE `sp_atr_for_art` (
  `id_art_proc_fan` int(11) NOT NULL,
  `id_atr_art` int(11) NOT NULL,
  PRIMARY KEY (`id_art_proc_fan`,`id_atr_art`),
  UNIQUE KEY `UNIQ_8DC957CEED8BDD95` (`id_atr_art`),
  KEY `IDX_8DC957CEE6AB8D52` (`id_art_proc_fan`),
  CONSTRAINT `FK_8DC957CEED8BDD95` FOREIGN KEY (`id_atr_art`) REFERENCES `sp_atr_proc` (`id`),
  CONSTRAINT `FK_8DC957CEE6AB8D52` FOREIGN KEY (`id_art_proc_fan`) REFERENCES `sp_art_proc_fa` (`id`)
) ENGINE=InnoDB DEFAULT CHARSET=utf8 COLLATE=utf8_unicode_ci;
/*!40101 SET character_set_client = @saved_cs_client */;

--
-- Dumping data for table `sp_atr_for_art`
--

LOCK TABLES `sp_atr_for_art` WRITE;
/*!40000 ALTER TABLE `sp_atr_for_art` DISABLE KEYS */;
/*!40000 ALTER TABLE `sp_atr_for_art` ENABLE KEYS */;
UNLOCK TABLES;

--
-- Table structure for table `sp_atr_proc`
--

DROP TABLE IF EXISTS `sp_atr_proc`;
/*!40101 SET @saved_cs_client     = @@character_set_client */;
/*!40101 SET character_set_client = utf8 */;
CREATE TABLE `sp_atr_proc` (
  `id` int(11) NOT NULL AUTO_INCREMENT,
  `id_atr` int(11) DEFAULT NULL,
  `orden` int(11) DEFAULT '0',
  `decimales` int(11) NOT NULL DEFAULT '-1',
  `mostrar` tinyint(1) NOT NULL,
  `acumula` tinyint(1) NOT NULL,
  `promedia` tinyint(1) NOT NULL,
  `controlaStock` tinyint(1) NOT NULL,
  PRIMARY KEY (`id`),
  KEY `IDX_A5BE75C4DDA83CBD` (`id_atr`),
  CONSTRAINT `FK_A5BE75C4DDA83CBD` FOREIGN KEY (`id_atr`) REFERENCES `sp_gst_atr_abs` (`id`)
) ENGINE=InnoDB DEFAULT CHARSET=utf8 COLLATE=utf8_unicode_ci;
/*!40101 SET character_set_client = @saved_cs_client */;

--
-- Dumping data for table `sp_atr_proc`
--

LOCK TABLES `sp_atr_proc` WRITE;
/*!40000 ALTER TABLE `sp_atr_proc` DISABLE KEYS */;
/*!40000 ALTER TABLE `sp_atr_proc` ENABLE KEYS */;
UNLOCK TABLES;

--
-- Table structure for table `sp_fan_day`
--

DROP TABLE IF EXISTS `sp_fan_day`;
/*!40101 SET @saved_cs_client     = @@character_set_client */;
/*!40101 SET character_set_client = utf8 */;
CREATE TABLE `sp_fan_day` (
  `id` int(11) NOT NULL AUTO_INCREMENT,
  `id_user_open` int(11) DEFAULT NULL,
  `id_user_close` int(11) DEFAULT NULL,
  `fechaFaena` date NOT NULL,
  `isActive` tinyint(1) NOT NULL,
  `fechaAlta` datetime NOT NULL,
  `fechaCierre` datetime DEFAULT NULL,
  `finalizada` tinyint(1) NOT NULL,
  PRIMARY KEY (`id`),
  KEY `IDX_612F7285EC4734A` (`id_user_open`),
  KEY `IDX_612F7285449FA4B` (`id_user_close`),
  CONSTRAINT `FK_612F7285449FA4B` FOREIGN KEY (`id_user_close`) REFERENCES `usuarios` (`id`),
  CONSTRAINT `FK_612F7285EC4734A` FOREIGN KEY (`id_user_open`) REFERENCES `usuarios` (`id`)
) ENGINE=InnoDB AUTO_INCREMENT=7 DEFAULT CHARSET=utf8 COLLATE=utf8_unicode_ci;
/*!40101 SET character_set_client = @saved_cs_client */;

--
-- Dumping data for table `sp_fan_day`
--

LOCK TABLES `sp_fan_day` WRITE;
/*!40000 ALTER TABLE `sp_fan_day` DISABLE KEYS */;
INSERT INTO `sp_fan_day` VALUES (2,1,NULL,'2020-03-24',1,'2020-03-25 16:45:32',NULL,0),(3,1,NULL,'2020-03-25',1,'2020-03-25 16:50:27',NULL,0),(4,1,NULL,'2020-03-28',1,'2020-03-28 22:11:25',NULL,0),(5,2,NULL,'2020-04-03',1,'2020-04-03 13:31:58',NULL,0),(6,1,NULL,'2020-05-14',1,'2020-05-14 15:20:06',NULL,0);
/*!40000 ALTER TABLE `sp_fan_day` ENABLE KEYS */;
UNLOCK TABLES;

--
-- Table structure for table `sp_gst_art`
--

DROP TABLE IF EXISTS `sp_gst_art`;
/*!40101 SET @saved_cs_client     = @@character_set_client */;
/*!40101 SET character_set_client = utf8 */;
CREATE TABLE `sp_gst_art` (
  `id` int(11) NOT NULL AUTO_INCREMENT,
  `nombre` varchar(255) COLLATE utf8_unicode_ci NOT NULL,
  `codigoSenasa` varchar(255) COLLATE utf8_unicode_ci DEFAULT NULL,
  `nombreSenasa` varchar(255) COLLATE utf8_unicode_ci DEFAULT NULL,
  PRIMARY KEY (`id`)
) ENGINE=InnoDB AUTO_INCREMENT=4 DEFAULT CHARSET=utf8 COLLATE=utf8_unicode_ci;
/*!40101 SET character_set_client = @saved_cs_client */;

--
-- Dumping data for table `sp_gst_art`
--

LOCK TABLES `sp_gst_art` WRITE;
/*!40000 ALTER TABLE `sp_gst_art` DISABLE KEYS */;
INSERT INTO `sp_gst_art` VALUES (1,'Ave',NULL,NULL),(2,'Corazon',NULL,NULL),(3,'Shanks',NULL,NULL);
/*!40000 ALTER TABLE `sp_gst_art` ENABLE KEYS */;
UNLOCK TABLES;

--
-- Table structure for table `sp_gst_atr_abs`
--

DROP TABLE IF EXISTS `sp_gst_atr_abs`;
/*!40101 SET @saved_cs_client     = @@character_set_client */;
/*!40101 SET character_set_client = utf8 */;
CREATE TABLE `sp_gst_atr_abs` (
  `id` int(11) NOT NULL AUTO_INCREMENT,
  `id_artatrcon` int(11) DEFAULT NULL,
  `id_atr_abs` int(11) DEFAULT NULL,
  `activo` tinyint(1) NOT NULL DEFAULT '1',
  `nombre` varchar(255) COLLATE utf8_unicode_ci NOT NULL,
  `asignado` tinyint(1) NOT NULL DEFAULT '0',
  `posicion` int(11) NOT NULL,
  `mostrar` tinyint(1) NOT NULL DEFAULT '0',
  `eliminado` tinyint(1) DEFAULT '0',
  `type` int(11) NOT NULL,
  `id_atr_base` int(11) DEFAULT NULL,
  `espejo` tinyint(1) DEFAULT '0',
  `mostrarAlCargar` tinyint(1) DEFAULT '1',
  `defecto` double DEFAULT NULL,
  PRIMARY KEY (`id`),
  KEY `IDX_8CAAB45AD744E312` (`id_artatrcon`),
  KEY `IDX_8CAAB45A392D5A67` (`id_atr_abs`),
  KEY `IDX_8CAAB45A2CC6B24C` (`id_atr_base`),
  CONSTRAINT `FK_8CAAB45A2CC6B24C` FOREIGN KEY (`id_atr_base`) REFERENCES `sp_gst_atr_abst` (`id`),
  CONSTRAINT `FK_8CAAB45A392D5A67` FOREIGN KEY (`id_atr_abs`) REFERENCES `sp_gst_atr_abst` (`id`),
  CONSTRAINT `FK_8CAAB45AD744E312` FOREIGN KEY (`id_artatrcon`) REFERENCES `sp_st_art_atr_con` (`id`)
) ENGINE=InnoDB AUTO_INCREMENT=42 DEFAULT CHARSET=utf8 COLLATE=utf8_unicode_ci;
/*!40101 SET character_set_client = @saved_cs_client */;

--
-- Dumping data for table `sp_gst_atr_abs`
--

LOCK TABLES `sp_gst_atr_abs` WRITE;
/*!40000 ALTER TABLE `sp_gst_atr_abs` DISABLE KEYS */;
INSERT INTO `sp_gst_atr_abs` VALUES (1,1,5,1,'Granja',1,0,1,NULL,6,5,0,1,NULL),(2,1,8,1,'Galpon',1,1,1,NULL,7,8,0,1,NULL),(3,1,6,1,'O/C',1,2,1,NULL,7,6,0,1,NULL),(4,1,7,1,'Transportista',1,3,1,NULL,6,7,0,1,NULL),(5,1,9,1,'Aves',1,4,1,NULL,3,9,0,1,NULL),(6,1,10,1,'DT-E',1,5,1,NULL,7,10,0,1,NULL),(7,1,1,1,'Bruto',1,6,1,NULL,3,1,0,1,NULL),(8,1,3,1,'Tara',1,7,1,NULL,3,3,0,1,NULL),(9,1,2,1,'Neto',1,8,1,NULL,4,2,0,1,NULL),(10,1,4,1,'Promedio',1,9,1,NULL,4,4,0,1,NULL),(11,1,11,1,'Aves Dec. A.M.',1,10,1,NULL,3,11,0,1,NULL),(12,1,12,1,'Aves Dec. A.M. (Peso)',1,12,0,NULL,4,12,0,0,NULL),(13,2,2,1,'Peso',1,0,1,NULL,3,NULL,0,1,NULL),(14,5,5,0,'Granja',1,0,1,1,6,5,0,1,NULL),(15,5,8,1,'Galpon',1,1,1,NULL,7,8,0,1,NULL),(16,5,6,1,'O/C',1,2,1,NULL,7,6,0,1,NULL),(17,5,7,1,'Transportista',1,3,1,NULL,6,7,0,1,NULL),(18,5,9,1,'Aves',1,4,1,NULL,3,9,0,1,NULL),(19,5,10,1,'DT-e',1,5,1,NULL,7,10,0,1,NULL),(20,5,1,1,'Bruto',1,6,1,NULL,3,1,0,1,NULL),(21,5,3,1,'Tara',1,7,1,NULL,3,3,0,1,NULL),(22,5,2,1,'Neto',1,8,1,NULL,4,2,0,1,NULL),(23,5,4,1,'Promedio',1,9,1,NULL,4,4,0,1,NULL),(24,5,11,1,'DAM (Unidades)',1,10,1,NULL,3,11,0,1,NULL),(25,5,12,1,'Dec. PM (Peso)',1,12,0,NULL,4,12,0,0,NULL),(26,6,2,1,'Peso',1,0,1,1,4,NULL,0,1,NULL),(27,8,2,1,'Peso Neto',1,0,1,NULL,4,NULL,0,1,NULL),(28,1,13,1,'Cargador',1,11,0,NULL,6,13,0,1,NULL),(29,1,14,1,'F. Ajuste',1,14,0,0,3,14,0,0,0.4),(30,1,15,1,'Prom. Ajus.',1,15,0,0,4,4,1,0,NULL),(31,1,16,1,'Net. Ajust.',1,15,0,0,4,2,1,0,NULL),(32,1,17,1,'Tara Ajus.',1,16,0,0,4,3,1,0,NULL),(33,5,14,1,'F. Ajuste',1,13,0,0,3,14,0,0,0.4),(34,5,15,1,'Prom. Ajus.',1,14,0,0,4,4,1,0,NULL),(35,5,16,1,'Net. Ajust.',1,15,0,0,4,2,1,0,NULL),(36,5,17,1,'Tara Ajus.',1,16,0,0,4,3,1,0,NULL),(37,5,13,1,'Cargador',1,11,1,0,6,13,0,1,NULL),(38,10,9,0,'Cant.',1,0,1,1,4,NULL,0,1,NULL),(39,10,11,1,'Aves Dec. AM',1,0,1,0,4,11,0,1,NULL),(40,10,12,1,'Kg Dec. AM',1,0,1,0,4,NULL,0,1,NULL),(41,5,5,1,'Granja',1,1,1,0,6,5,0,1,NULL);
/*!40000 ALTER TABLE `sp_gst_atr_abs` ENABLE KEYS */;
UNLOCK TABLES;

--
-- Table structure for table `sp_gst_atr_abst`
--

DROP TABLE IF EXISTS `sp_gst_atr_abst`;
/*!40101 SET @saved_cs_client     = @@character_set_client */;
/*!40101 SET character_set_client = utf8 */;
CREATE TABLE `sp_gst_atr_abst` (
  `id` int(11) NOT NULL AUTO_INCREMENT,
  `atributo` varchar(255) COLLATE utf8_unicode_ci NOT NULL,
  PRIMARY KEY (`id`),
  UNIQUE KEY `UNIQ_E5848F6E6C7678A` (`atributo`)
) ENGINE=InnoDB AUTO_INCREMENT=18 DEFAULT CHARSET=utf8 COLLATE=utf8_unicode_ci;
/*!40101 SET character_set_client = @saved_cs_client */;

--
-- Dumping data for table `sp_gst_atr_abst`
--

LOCK TABLES `sp_gst_atr_abst` WRITE;
/*!40000 ALTER TABLE `sp_gst_atr_abst` DISABLE KEYS */;
INSERT INTO `sp_gst_atr_abst` VALUES (9,'Cantidad'),(13,'Cargador'),(11,'Dec. A.M. (Aves)'),(12,'Dec. A.M. (Peso)'),(10,'DT-e'),(14,'Factor Ajuste'),(8,'Galpon'),(5,'Granja'),(16,'Neto Ajust'),(6,'O/C'),(1,'P. Bruto'),(2,'P. Neto'),(4,'P. Promedio'),(3,'P. Tara'),(15,'Prom. Ajustado'),(17,'Tara Ajustada'),(7,'Transportista');
/*!40000 ALTER TABLE `sp_gst_atr_abst` ENABLE KEYS */;
UNLOCK TABLES;

--
-- Table structure for table `sp_gst_atr_inf`
--

DROP TABLE IF EXISTS `sp_gst_atr_inf`;
/*!40101 SET @saved_cs_client     = @@character_set_client */;
/*!40101 SET character_set_client = utf8 */;
CREATE TABLE `sp_gst_atr_inf` (
  `id` int(11) NOT NULL,
  PRIMARY KEY (`id`),
  CONSTRAINT `FK_43D14E05BF396750` FOREIGN KEY (`id`) REFERENCES `sp_gst_atr_abs` (`id`) ON DELETE CASCADE
) ENGINE=InnoDB DEFAULT CHARSET=utf8 COLLATE=utf8_unicode_ci;
/*!40101 SET character_set_client = @saved_cs_client */;

--
-- Dumping data for table `sp_gst_atr_inf`
--

LOCK TABLES `sp_gst_atr_inf` WRITE;
/*!40000 ALTER TABLE `sp_gst_atr_inf` DISABLE KEYS */;
INSERT INTO `sp_gst_atr_inf` VALUES (1),(2),(3),(4),(6),(14),(15),(16),(17),(19),(28),(37),(41);
/*!40000 ALTER TABLE `sp_gst_atr_inf` ENABLE KEYS */;
UNLOCK TABLES;

--
-- Table structure for table `sp_gst_atr_inf_arb`
--

DROP TABLE IF EXISTS `sp_gst_atr_inf_arb`;
/*!40101 SET @saved_cs_client     = @@character_set_client */;
/*!40101 SET character_set_client = utf8 */;
CREATE TABLE `sp_gst_atr_inf_arb` (
  `id` int(11) NOT NULL,
  PRIMARY KEY (`id`),
  CONSTRAINT `FK_7FA6CE73BF396750` FOREIGN KEY (`id`) REFERENCES `sp_gst_atr_abs` (`id`) ON DELETE CASCADE
) ENGINE=InnoDB DEFAULT CHARSET=utf8 COLLATE=utf8_unicode_ci;
/*!40101 SET character_set_client = @saved_cs_client */;

--
-- Dumping data for table `sp_gst_atr_inf_arb`
--

LOCK TABLES `sp_gst_atr_inf_arb` WRITE;
/*!40000 ALTER TABLE `sp_gst_atr_inf_arb` DISABLE KEYS */;
INSERT INTO `sp_gst_atr_inf_arb` VALUES (2),(3),(6),(15),(16),(19);
/*!40000 ALTER TABLE `sp_gst_atr_inf_arb` ENABLE KEYS */;
UNLOCK TABLES;

--
-- Table structure for table `sp_gst_atr_inf_ext`
--

DROP TABLE IF EXISTS `sp_gst_atr_inf_ext`;
/*!40101 SET @saved_cs_client     = @@character_set_client */;
/*!40101 SET character_set_client = utf8 */;
CREATE TABLE `sp_gst_atr_inf_ext` (
  `id` int(11) NOT NULL,
  `claseExterna` varchar(255) COLLATE utf8_unicode_ci NOT NULL,
  PRIMARY KEY (`id`),
  CONSTRAINT `FK_76943B74BF396750` FOREIGN KEY (`id`) REFERENCES `sp_gst_atr_abs` (`id`) ON DELETE CASCADE
) ENGINE=InnoDB DEFAULT CHARSET=utf8 COLLATE=utf8_unicode_ci;
/*!40101 SET character_set_client = @saved_cs_client */;

--
-- Dumping data for table `sp_gst_atr_inf_ext`
--

LOCK TABLES `sp_gst_atr_inf_ext` WRITE;
/*!40000 ALTER TABLE `sp_gst_atr_inf_ext` DISABLE KEYS */;
INSERT INTO `sp_gst_atr_inf_ext` VALUES (1,'GestionFaenaBundle\\Entity\\gestionBD\\Granja'),(4,'GestionFaenaBundle\\Entity\\gestionBD\\Transportista'),(14,'GestionFaenaBundle\\Entity\\gestionBD\\Granja'),(17,'GestionFaenaBundle\\Entity\\gestionBD\\Transportista'),(28,'GestionFaenaBundle\\Entity\\gestionBD\\Cargador'),(37,'GestionFaenaBundle\\Entity\\gestionBD\\Cargador'),(41,'GestionFaenaBundle\\Entity\\gestionBD\\Granja');
/*!40000 ALTER TABLE `sp_gst_atr_inf_ext` ENABLE KEYS */;
UNLOCK TABLES;

--
-- Table structure for table `sp_gst_atr_med`
--

DROP TABLE IF EXISTS `sp_gst_atr_med`;
/*!40101 SET @saved_cs_client     = @@character_set_client */;
/*!40101 SET character_set_client = utf8 */;
CREATE TABLE `sp_gst_atr_med` (
  `id` int(11) NOT NULL,
  `id_unt_med` int(11) DEFAULT NULL,
  `decimales` int(11) NOT NULL DEFAULT '0',
  `acumula` tinyint(1) NOT NULL DEFAULT '0',
  `promedia` tinyint(1) NOT NULL DEFAULT '0',
  PRIMARY KEY (`id`),
  KEY `IDX_49225E3E4239DC83` (`id_unt_med`),
  CONSTRAINT `FK_49225E3EBF396750` FOREIGN KEY (`id`) REFERENCES `sp_gst_atr_abs` (`id`) ON DELETE CASCADE,
  CONSTRAINT `FK_49225E3E4239DC83` FOREIGN KEY (`id_unt_med`) REFERENCES `sp_gst_unt_med` (`id`)
) ENGINE=InnoDB DEFAULT CHARSET=utf8 COLLATE=utf8_unicode_ci;
/*!40101 SET character_set_client = @saved_cs_client */;

--
-- Dumping data for table `sp_gst_atr_med`
--

LOCK TABLES `sp_gst_atr_med` WRITE;
/*!40000 ALTER TABLE `sp_gst_atr_med` DISABLE KEYS */;
INSERT INTO `sp_gst_atr_med` VALUES (5,2,0,1,0),(7,1,2,1,0),(8,1,2,1,0),(9,1,0,1,0),(10,1,3,1,1),(11,2,0,1,0),(12,1,2,1,0),(13,1,2,0,0),(18,2,3,1,0),(20,1,2,1,0),(21,1,2,1,0),(22,1,2,1,0),(23,1,3,1,1),(24,2,0,1,0),(25,1,3,1,0),(26,1,2,1,0),(27,1,2,0,0),(29,1,3,0,0),(30,1,3,0,0),(31,1,0,0,0),(32,1,0,0,0),(33,1,0,0,0),(34,1,0,0,0),(35,1,0,0,0),(36,1,0,0,0),(38,2,0,0,0),(39,2,0,0,0),(40,1,0,0,0);
/*!40000 ALTER TABLE `sp_gst_atr_med` ENABLE KEYS */;
UNLOCK TABLES;

--
-- Table structure for table `sp_gst_atr_med_auto`
--

DROP TABLE IF EXISTS `sp_gst_atr_med_auto`;
/*!40101 SET @saved_cs_client     = @@character_set_client */;
/*!40101 SET character_set_client = utf8 */;
CREATE TABLE `sp_gst_atr_med_auto` (
  `id` int(11) NOT NULL,
  `id_factor_calculo_1` int(11) DEFAULT NULL,
  `id_factor_calculo_2` int(11) DEFAULT NULL,
  `operacion` enum('+','-','*','/','R') COLLATE utf8_unicode_ci DEFAULT NULL,
  `factorAjuste` double NOT NULL,
  PRIMARY KEY (`id`),
  UNIQUE KEY `UNIQ_142E4D55742FB11B` (`id_factor_calculo_1`),
  UNIQUE KEY `UNIQ_142E4D55ED26E0A1` (`id_factor_calculo_2`),
  CONSTRAINT `FK_142E4D55BF396750` FOREIGN KEY (`id`) REFERENCES `sp_gst_atr_abs` (`id`) ON DELETE CASCADE,
  CONSTRAINT `FK_142E4D55742FB11B` FOREIGN KEY (`id_factor_calculo_1`) REFERENCES `sp_gst_fc_clc` (`id`),
  CONSTRAINT `FK_142E4D55ED26E0A1` FOREIGN KEY (`id_factor_calculo_2`) REFERENCES `sp_gst_fc_clc` (`id`)
) ENGINE=InnoDB DEFAULT CHARSET=utf8 COLLATE=utf8_unicode_ci;
/*!40101 SET character_set_client = @saved_cs_client */;

--
-- Dumping data for table `sp_gst_atr_med_auto`
--

LOCK TABLES `sp_gst_atr_med_auto` WRITE;
/*!40000 ALTER TABLE `sp_gst_atr_med_auto` DISABLE KEYS */;
INSERT INTO `sp_gst_atr_med_auto` VALUES (9,1,2,'-',0),(10,3,4,'/',0),(12,5,6,'*',0),(22,10,11,'-',0),(23,12,13,'/',0),(25,14,15,'*',0),(26,16,NULL,'*',0.02),(27,17,NULL,'R',0.02),(30,18,19,'-',0),(31,20,21,'*',0),(32,22,23,'-',0),(34,24,25,'-',0),(35,26,27,'*',0),(36,28,29,'-',0),(38,30,NULL,'R',0),(39,31,NULL,'R',0),(40,32,33,'*',0);
/*!40000 ALTER TABLE `sp_gst_atr_med_auto` ENABLE KEYS */;
UNLOCK TABLES;

--
-- Table structure for table `sp_gst_atr_med_man`
--

DROP TABLE IF EXISTS `sp_gst_atr_med_man`;
/*!40101 SET @saved_cs_client     = @@character_set_client */;
/*!40101 SET character_set_client = utf8 */;
CREATE TABLE `sp_gst_atr_med_man` (
  `id` int(11) NOT NULL,
  PRIMARY KEY (`id`),
  CONSTRAINT `FK_FAADBD1EBF396750` FOREIGN KEY (`id`) REFERENCES `sp_gst_atr_abs` (`id`) ON DELETE CASCADE
) ENGINE=InnoDB DEFAULT CHARSET=utf8 COLLATE=utf8_unicode_ci;
/*!40101 SET character_set_client = @saved_cs_client */;

--
-- Dumping data for table `sp_gst_atr_med_man`
--

LOCK TABLES `sp_gst_atr_med_man` WRITE;
/*!40000 ALTER TABLE `sp_gst_atr_med_man` DISABLE KEYS */;
INSERT INTO `sp_gst_atr_med_man` VALUES (5),(7),(8),(11),(13),(18),(20),(21),(24),(29),(33);
/*!40000 ALTER TABLE `sp_gst_atr_med_man` ENABLE KEYS */;
UNLOCK TABLES;

--
-- Table structure for table `sp_gst_atr_proc_by_conc`
--

DROP TABLE IF EXISTS `sp_gst_atr_proc_by_conc`;
/*!40101 SET @saved_cs_client     = @@character_set_client */;
/*!40101 SET character_set_client = utf8 */;
CREATE TABLE `sp_gst_atr_proc_by_conc` (
  `id_atr_conc` int(11) NOT NULL,
  `id_atr_proc` int(11) NOT NULL,
  PRIMARY KEY (`id_atr_conc`,`id_atr_proc`),
  KEY `IDX_FBCBFC4988EB310A` (`id_atr_conc`),
  KEY `IDX_FBCBFC49C7A2C819` (`id_atr_proc`),
  CONSTRAINT `FK_FBCBFC49C7A2C819` FOREIGN KEY (`id_atr_proc`) REFERENCES `sp_atr_proc` (`id`),
  CONSTRAINT `FK_FBCBFC4988EB310A` FOREIGN KEY (`id_atr_conc`) REFERENCES `sp_gst_atr_prod_proc_con` (`id`)
) ENGINE=InnoDB DEFAULT CHARSET=utf8 COLLATE=utf8_unicode_ci;
/*!40101 SET character_set_client = @saved_cs_client */;

--
-- Dumping data for table `sp_gst_atr_proc_by_conc`
--

LOCK TABLES `sp_gst_atr_proc_by_conc` WRITE;
/*!40000 ALTER TABLE `sp_gst_atr_proc_by_conc` DISABLE KEYS */;
/*!40000 ALTER TABLE `sp_gst_atr_proc_by_conc` ENABLE KEYS */;
UNLOCK TABLES;

--
-- Table structure for table `sp_gst_atr_prod_proc_con`
--

DROP TABLE IF EXISTS `sp_gst_atr_prod_proc_con`;
/*!40101 SET @saved_cs_client     = @@character_set_client */;
/*!40101 SET character_set_client = utf8 */;
CREATE TABLE `sp_gst_atr_prod_proc_con` (
  `id` int(11) NOT NULL AUTO_INCREMENT,
  `id_concepto` int(11) DEFAULT NULL,
  `id_art_proc_fan` int(11) DEFAULT NULL,
  PRIMARY KEY (`id`),
  KEY `IDX_F98ACB9C34586445` (`id_concepto`),
  KEY `IDX_F98ACB9CE6AB8D52` (`id_art_proc_fan`),
  CONSTRAINT `FK_F98ACB9CE6AB8D52` FOREIGN KEY (`id_art_proc_fan`) REFERENCES `sp_art_proc_fa` (`id`),
  CONSTRAINT `FK_F98ACB9C34586445` FOREIGN KEY (`id_concepto`) REFERENCES `sp_st_con_mov` (`id`)
) ENGINE=InnoDB DEFAULT CHARSET=utf8 COLLATE=utf8_unicode_ci;
/*!40101 SET character_set_client = @saved_cs_client */;

--
-- Dumping data for table `sp_gst_atr_prod_proc_con`
--

LOCK TABLES `sp_gst_atr_prod_proc_con` WRITE;
/*!40000 ALTER TABLE `sp_gst_atr_prod_proc_con` DISABLE KEYS */;
/*!40000 ALTER TABLE `sp_gst_atr_prod_proc_con` ENABLE KEYS */;
UNLOCK TABLES;

--
-- Table structure for table `sp_gst_ent_ext`
--

DROP TABLE IF EXISTS `sp_gst_ent_ext`;
/*!40101 SET @saved_cs_client     = @@character_set_client */;
/*!40101 SET character_set_client = utf8 */;
CREATE TABLE `sp_gst_ent_ext` (
  `id` int(11) NOT NULL AUTO_INCREMENT,
  `valor` varchar(255) COLLATE utf8_unicode_ci NOT NULL,
  `type` int(11) NOT NULL,
  PRIMARY KEY (`id`)
) ENGINE=InnoDB AUTO_INCREMENT=26 DEFAULT CHARSET=utf8 COLLATE=utf8_unicode_ci;
/*!40101 SET character_set_client = @saved_cs_client */;

--
-- Dumping data for table `sp_gst_ent_ext`
--

LOCK TABLES `sp_gst_ent_ext` WRITE;
/*!40000 ALTER TABLE `sp_gst_ent_ext` DISABLE KEYS */;
INSERT INTO `sp_gst_ent_ext` VALUES (1,'3001',3),(2,'3004',3),(3,'3007',3),(4,'3009',3),(5,'3010',3),(6,'3021',3),(7,'3023',3),(8,'3024',3),(9,'3025',3),(10,'3026',3),(11,'3027',3),(12,'3028',3),(13,'3029',3),(14,'3030',3),(15,'3032',3),(16,'3033',3),(17,'3035',3),(18,'Don Edgardo',2),(21,'YUSPE I',2),(22,'Nuestro Lugar',2),(23,'Nueva Granja',2),(24,'Curima',4),(25,'Alfonso',4);
/*!40000 ALTER TABLE `sp_gst_ent_ext` ENABLE KEYS */;
UNLOCK TABLES;

--
-- Table structure for table `sp_gst_ent_ext_city`
--

DROP TABLE IF EXISTS `sp_gst_ent_ext_city`;
/*!40101 SET @saved_cs_client     = @@character_set_client */;
/*!40101 SET character_set_client = utf8 */;
CREATE TABLE `sp_gst_ent_ext_city` (
  `id` int(11) NOT NULL AUTO_INCREMENT,
  `ciudad` varchar(255) COLLATE utf8_unicode_ci NOT NULL,
  PRIMARY KEY (`id`),
  UNIQUE KEY `UNIQ_CBB459CC8E86059E` (`ciudad`)
) ENGINE=InnoDB AUTO_INCREMENT=23 DEFAULT CHARSET=utf8 COLLATE=utf8_unicode_ci;
/*!40101 SET character_set_client = @saved_cs_client */;

--
-- Dumping data for table `sp_gst_ent_ext_city`
--

LOCK TABLES `sp_gst_ent_ext_city` WRITE;
/*!40000 ALTER TABLE `sp_gst_ent_ext_city` DISABLE KEYS */;
INSERT INTO `sp_gst_ent_ext_city` VALUES (1,'Abasto'),(2,'Abbott'),(3,'Alvarez Jonte'),(4,'Brandsen'),(5,'Cauelas'),(6,'Domselaar'),(7,'Etcheverry'),(8,'Florencio Varela'),(9,'General Belgrano'),(10,'Gomez'),(22,'La Plata'),(11,'Martin Berraondo'),(12,'Norberto de la Riestra'),(13,'Polvaredas'),(14,'Ranchos'),(15,'Rauch'),(16,'Roque Perez'),(17,'Saladillo'),(18,'San Miguel del Monte'),(19,'San Vicente'),(20,'Varela'),(21,'Virrey del Pino');
/*!40000 ALTER TABLE `sp_gst_ent_ext_city` ENABLE KEYS */;
UNLOCK TABLES;

--
-- Table structure for table `sp_gst_ent_ext_crg`
--

DROP TABLE IF EXISTS `sp_gst_ent_ext_crg`;
/*!40101 SET @saved_cs_client     = @@character_set_client */;
/*!40101 SET character_set_client = utf8 */;
CREATE TABLE `sp_gst_ent_ext_crg` (
  `id` int(11) NOT NULL,
  PRIMARY KEY (`id`),
  CONSTRAINT `FK_F708BAABBF396750` FOREIGN KEY (`id`) REFERENCES `sp_gst_ent_ext` (`id`) ON DELETE CASCADE
) ENGINE=InnoDB DEFAULT CHARSET=utf8 COLLATE=utf8_unicode_ci;
/*!40101 SET character_set_client = @saved_cs_client */;

--
-- Dumping data for table `sp_gst_ent_ext_crg`
--

LOCK TABLES `sp_gst_ent_ext_crg` WRITE;
/*!40000 ALTER TABLE `sp_gst_ent_ext_crg` DISABLE KEYS */;
INSERT INTO `sp_gst_ent_ext_crg` VALUES (24),(25);
/*!40000 ALTER TABLE `sp_gst_ent_ext_crg` ENABLE KEYS */;
UNLOCK TABLES;

--
-- Table structure for table `sp_gst_ent_ext_gja`
--

DROP TABLE IF EXISTS `sp_gst_ent_ext_gja`;
/*!40101 SET @saved_cs_client     = @@character_set_client */;
/*!40101 SET character_set_client = utf8 */;
CREATE TABLE `sp_gst_ent_ext_gja` (
  `id` int(11) NOT NULL,
  `propia` tinyint(1) NOT NULL,
  `renspa` varchar(255) COLLATE utf8_unicode_ci NOT NULL,
  `id_city` int(11) DEFAULT NULL,
  PRIMARY KEY (`id`),
  KEY `IDX_9B792F1BA67B1E36` (`id_city`),
  CONSTRAINT `FK_9B792F1BA67B1E36` FOREIGN KEY (`id_city`) REFERENCES `sp_gst_ent_ext_city` (`id`),
  CONSTRAINT `FK_9B792F1BBF396750` FOREIGN KEY (`id`) REFERENCES `sp_gst_ent_ext` (`id`) ON DELETE CASCADE
) ENGINE=InnoDB DEFAULT CHARSET=utf8 COLLATE=utf8_unicode_ci;
/*!40101 SET character_set_client = @saved_cs_client */;

--
-- Dumping data for table `sp_gst_ent_ext_gja`
--

LOCK TABLES `sp_gst_ent_ext_gja` WRITE;
/*!40000 ALTER TABLE `sp_gst_ent_ext_gja` DISABLE KEYS */;
INSERT INTO `sp_gst_ent_ext_gja` VALUES (18,0,'01-060-0-00382/02',1),(21,0,'01-118-0-00258/02',12),(22,0,'01-041-0-00631/02',9),(23,0,'01-060-0-00382/02',14);
/*!40000 ALTER TABLE `sp_gst_ent_ext_gja` ENABLE KEYS */;
UNLOCK TABLES;

--
-- Table structure for table `sp_gst_ent_ext_trs`
--

DROP TABLE IF EXISTS `sp_gst_ent_ext_trs`;
/*!40101 SET @saved_cs_client     = @@character_set_client */;
/*!40101 SET character_set_client = utf8 */;
CREATE TABLE `sp_gst_ent_ext_trs` (
  `id` int(11) NOT NULL,
  `cuit` varchar(255) COLLATE utf8_unicode_ci NOT NULL,
  `chofer` varchar(255) COLLATE utf8_unicode_ci NOT NULL,
  `titular` varchar(255) COLLATE utf8_unicode_ci NOT NULL,
  `chasis` varchar(255) COLLATE utf8_unicode_ci NOT NULL,
  `acoplado` varchar(255) COLLATE utf8_unicode_ci NOT NULL,
  PRIMARY KEY (`id`),
  CONSTRAINT `FK_F4BBDB23BF396750` FOREIGN KEY (`id`) REFERENCES `sp_gst_ent_ext` (`id`) ON DELETE CASCADE
) ENGINE=InnoDB DEFAULT CHARSET=utf8 COLLATE=utf8_unicode_ci;
/*!40101 SET character_set_client = @saved_cs_client */;

--
-- Dumping data for table `sp_gst_ent_ext_trs`
--

LOCK TABLES `sp_gst_ent_ext_trs` WRITE;
/*!40000 ALTER TABLE `sp_gst_ent_ext_trs` DISABLE KEYS */;
INSERT INTO `sp_gst_ent_ext_trs` VALUES (1,'20-24934719-2','Tejedor Jacinto','Transportes El Gringo','ISR091','AB254ML'),(2,'20-08464288-7','Cappararo Carlos','Cosmedi Miguel Angel','SKI 024','CIY 861'),(3,'30-70914155-0','Pahud Luis','Palevi S.R.L.','AIQ627','AB255VC'),(4,'20-24935045-2','Dorado Daniel','Transporte Chiqui','EBK896','SOQ 035'),(5,'27-23308169-3','Robledo Luis','Transporte Alfredo','CEG 651','XAF 733'),(6,'20-12602454-2','Gauchez Cristian','Transporte Reynaldo','WMN 301','DNY 063'),(7,'20-20616010-2','Rodriguez Sebastin','La Emilia','AD033PR','AB561FB'),(8,'30-70475612-3','Benegas Gerardo','Albanesi y Olgiati S.A.','MVH 188','SKI 079'),(9,'20-13237620-5','Garca Antonio','Garca Antonio','MZL906','NSH600'),(10,'20-13770352-2','Banegas Martin','El Gauchito','RTL922','SZM124'),(11,'20-32128235-1','Artiaga Fabin','Don Artiaga','LUX 302','WBF773'),(12,'20-20042989-4','Espinosa Diego','Transporte AV','AD148UM','AB788AS'),(13,'20-16427024-7','De Souza jorge','Transporte  Do Vale','CIT 985','RVF 251'),(14,'20-24935045-2','Victor Martin','Transporte Chiqui','JDQ 484','CHV450'),(15,'20-05224019-1','Saccn Hector','Transporte Saccn','RAC 301','RMN 578'),(16,'20-17086560-0','Pasquali Marcelo Javier','Pasquali Marcelo','CLK064','VBW241'),(17,'20-23856923-1','Transporte El Vasco','Transporte El Vasco','RMK581','KFO 151');
/*!40000 ALTER TABLE `sp_gst_ent_ext_trs` ENABLE KEYS */;
UNLOCK TABLES;

--
-- Table structure for table `sp_gst_fc_clc`
--

DROP TABLE IF EXISTS `sp_gst_fc_clc`;
/*!40101 SET @saved_cs_client     = @@character_set_client */;
/*!40101 SET character_set_client = utf8 */;
CREATE TABLE `sp_gst_fc_clc` (
  `id` int(11) NOT NULL AUTO_INCREMENT,
  `id_art` int(11) DEFAULT NULL,
  `id_atr_abst` int(11) DEFAULT NULL,
  `tipo_calculo` enum('S','P','U') COLLATE utf8_unicode_ci DEFAULT NULL,
  PRIMARY KEY (`id`),
  KEY `IDX_4E787ED62913E0E` (`id_art`),
  KEY `IDX_4E787ED56858309` (`id_atr_abst`),
  CONSTRAINT `FK_4E787ED56858309` FOREIGN KEY (`id_atr_abst`) REFERENCES `sp_gst_atr_abst` (`id`),
  CONSTRAINT `FK_4E787ED62913E0E` FOREIGN KEY (`id_art`) REFERENCES `sp_gst_art` (`id`)
) ENGINE=InnoDB AUTO_INCREMENT=34 DEFAULT CHARSET=utf8 COLLATE=utf8_unicode_ci;
/*!40101 SET character_set_client = @saved_cs_client */;

--
-- Dumping data for table `sp_gst_fc_clc`
--

LOCK TABLES `sp_gst_fc_clc` WRITE;
/*!40000 ALTER TABLE `sp_gst_fc_clc` DISABLE KEYS */;
INSERT INTO `sp_gst_fc_clc` VALUES (1,1,1,'U'),(2,1,3,'U'),(3,1,2,'U'),(4,1,9,'U'),(5,1,11,'U'),(6,1,4,'U'),(7,1,2,NULL),(8,1,2,NULL),(9,1,2,NULL),(10,1,1,'U'),(11,1,3,'U'),(12,1,2,'U'),(13,1,9,'U'),(14,1,11,'U'),(15,1,4,'U'),(16,1,2,'S'),(17,1,2,'S'),(18,1,4,'U'),(19,1,14,'U'),(20,1,9,'U'),(21,1,15,'U'),(22,1,1,'U'),(23,1,16,'U'),(24,1,4,'U'),(25,1,14,'U'),(26,1,9,'U'),(27,1,15,'U'),(28,1,1,'U'),(29,1,16,'U'),(30,1,11,'S'),(31,1,11,'S'),(32,1,11,'S'),(33,1,4,'P');
/*!40000 ALTER TABLE `sp_gst_fc_clc` ENABLE KEYS */;
UNLOCK TABLES;

--
-- Table structure for table `sp_gst_tpo_mov_con`
--

DROP TABLE IF EXISTS `sp_gst_tpo_mov_con`;
/*!40101 SET @saved_cs_client     = @@character_set_client */;
/*!40101 SET character_set_client = utf8 */;
CREATE TABLE `sp_gst_tpo_mov_con` (
  `id` int(11) NOT NULL AUTO_INCREMENT,
  `nombre` varchar(255) COLLATE utf8_unicode_ci NOT NULL,
  `instancia` int(11) NOT NULL,
  `transforma` tinyint(1) NOT NULL DEFAULT '0',
  PRIMARY KEY (`id`)
) ENGINE=InnoDB AUTO_INCREMENT=4 DEFAULT CHARSET=utf8 COLLATE=utf8_unicode_ci;
/*!40101 SET character_set_client = @saved_cs_client */;

--
-- Dumping data for table `sp_gst_tpo_mov_con`
--

LOCK TABLES `sp_gst_tpo_mov_con` WRITE;
/*!40000 ALTER TABLE `sp_gst_tpo_mov_con` DISABLE KEYS */;
INSERT INTO `sp_gst_tpo_mov_con` VALUES (1,'Entrada Stock',2,0),(2,'Salida Stock',3,0),(3,'Transferir Stock',5,0);
/*!40000 ALTER TABLE `sp_gst_tpo_mov_con` ENABLE KEYS */;
UNLOCK TABLES;

--
-- Table structure for table `sp_gst_unt_med`
--

DROP TABLE IF EXISTS `sp_gst_unt_med`;
/*!40101 SET @saved_cs_client     = @@character_set_client */;
/*!40101 SET character_set_client = utf8 */;
CREATE TABLE `sp_gst_unt_med` (
  `id` int(11) NOT NULL AUTO_INCREMENT,
  `unidad` varchar(255) COLLATE utf8_unicode_ci NOT NULL,
  PRIMARY KEY (`id`),
  UNIQUE KEY `UNIQ_F7BE32BEF3E6D02F` (`unidad`)
) ENGINE=InnoDB AUTO_INCREMENT=3 DEFAULT CHARSET=utf8 COLLATE=utf8_unicode_ci;
/*!40101 SET character_set_client = @saved_cs_client */;

--
-- Dumping data for table `sp_gst_unt_med`
--

LOCK TABLES `sp_gst_unt_med` WRITE;
/*!40000 ALTER TABLE `sp_gst_unt_med` DISABLE KEYS */;
INSERT INTO `sp_gst_unt_med` VALUES (1,'KG'),(2,'Unidad');
/*!40000 ALTER TABLE `sp_gst_unt_med` ENABLE KEYS */;
UNLOCK TABLES;

--
-- Table structure for table `sp_man_stock_proc_fan`
--

DROP TABLE IF EXISTS `sp_man_stock_proc_fan`;
/*!40101 SET @saved_cs_client     = @@character_set_client */;
/*!40101 SET character_set_client = utf8 */;
CREATE TABLE `sp_man_stock_proc_fan` (
  `id_proc_fan` int(11) NOT NULL,
  `id_fact_op` int(11) NOT NULL,
  PRIMARY KEY (`id_proc_fan`,`id_fact_op`),
  KEY `IDX_E1214CBFCCB66DA3` (`id_proc_fan`),
  KEY `IDX_E1214CBF877086A1` (`id_fact_op`),
  CONSTRAINT `FK_E1214CBF877086A1` FOREIGN KEY (`id_fact_op`) REFERENCES `sp_gst_fc_clc` (`id`),
  CONSTRAINT `FK_E1214CBFCCB66DA3` FOREIGN KEY (`id_proc_fan`) REFERENCES `sp_proc_fan` (`id`)
) ENGINE=InnoDB DEFAULT CHARSET=utf8 COLLATE=utf8_unicode_ci;
/*!40101 SET character_set_client = @saved_cs_client */;

--
-- Dumping data for table `sp_man_stock_proc_fan`
--

LOCK TABLES `sp_man_stock_proc_fan` WRITE;
/*!40000 ALTER TABLE `sp_man_stock_proc_fan` DISABLE KEYS */;
INSERT INTO `sp_man_stock_proc_fan` VALUES (1,8),(2,7),(3,9);
/*!40000 ALTER TABLE `sp_man_stock_proc_fan` ENABLE KEYS */;
UNLOCK TABLES;

--
-- Table structure for table `sp_opc_def_inf`
--

DROP TABLE IF EXISTS `sp_opc_def_inf`;
/*!40101 SET @saved_cs_client     = @@character_set_client */;
/*!40101 SET character_set_client = utf8 */;
CREATE TABLE `sp_opc_def_inf` (
  `id` int(11) NOT NULL AUTO_INCREMENT,
  `id_proc_fan` int(11) DEFAULT NULL,
  `id_atr_ajuste` int(11) DEFAULT NULL,
  PRIMARY KEY (`id`),
  KEY `IDX_D556F420CCB66DA3` (`id_proc_fan`),
  KEY `IDX_D556F42082750614` (`id_atr_ajuste`),
  CONSTRAINT `FK_D556F42082750614` FOREIGN KEY (`id_atr_ajuste`) REFERENCES `sp_gst_atr_abs` (`id`),
  CONSTRAINT `FK_D556F420CCB66DA3` FOREIGN KEY (`id_proc_fan`) REFERENCES `sp_proc_fan` (`id`)
) ENGINE=InnoDB AUTO_INCREMENT=2 DEFAULT CHARSET=utf8 COLLATE=utf8_unicode_ci;
/*!40101 SET character_set_client = @saved_cs_client */;

--
-- Dumping data for table `sp_opc_def_inf`
--

LOCK TABLES `sp_opc_def_inf` WRITE;
/*!40000 ALTER TABLE `sp_opc_def_inf` DISABLE KEYS */;
INSERT INTO `sp_opc_def_inf` VALUES (1,1,29);
/*!40000 ALTER TABLE `sp_opc_def_inf` ENABLE KEYS */;
UNLOCK TABLES;

--
-- Table structure for table `sp_proc_con_mov_por_proceso`
--

DROP TABLE IF EXISTS `sp_proc_con_mov_por_proceso`;
/*!40101 SET @saved_cs_client     = @@character_set_client */;
/*!40101 SET character_set_client = utf8 */;
CREATE TABLE `sp_proc_con_mov_por_proceso` (
  `id_inf_proc` int(11) NOT NULL,
  `id_con_mov` int(11) NOT NULL,
  PRIMARY KEY (`id_inf_proc`,`id_con_mov`),
  UNIQUE KEY `UNIQ_74EDF374AE6DB033` (`id_con_mov`),
  KEY `IDX_74EDF3744FAE50A1` (`id_inf_proc`),
  CONSTRAINT `FK_74EDF3744FAE50A1` FOREIGN KEY (`id_inf_proc`) REFERENCES `sp_opc_def_inf` (`id`),
  CONSTRAINT `FK_74EDF374AE6DB033` FOREIGN KEY (`id_con_mov`) REFERENCES `sp_st_con_mov` (`id`)
) ENGINE=InnoDB DEFAULT CHARSET=utf8 COLLATE=utf8_unicode_ci;
/*!40101 SET character_set_client = @saved_cs_client */;

--
-- Dumping data for table `sp_proc_con_mov_por_proceso`
--

LOCK TABLES `sp_proc_con_mov_por_proceso` WRITE;
/*!40000 ALTER TABLE `sp_proc_con_mov_por_proceso` DISABLE KEYS */;
INSERT INTO `sp_proc_con_mov_por_proceso` VALUES (1,1),(1,3);
/*!40000 ALTER TABLE `sp_proc_con_mov_por_proceso` ENABLE KEYS */;
UNLOCK TABLES;

--
-- Table structure for table `sp_proc_end`
--

DROP TABLE IF EXISTS `sp_proc_end`;
/*!40101 SET @saved_cs_client     = @@character_set_client */;
/*!40101 SET character_set_client = utf8 */;
CREATE TABLE `sp_proc_end` (
  `id` int(11) NOT NULL,
  PRIMARY KEY (`id`),
  CONSTRAINT `FK_CBA19BF6BF396750` FOREIGN KEY (`id`) REFERENCES `sp_proc_fan` (`id`) ON DELETE CASCADE
) ENGINE=InnoDB DEFAULT CHARSET=utf8 COLLATE=utf8_unicode_ci;
/*!40101 SET character_set_client = @saved_cs_client */;

--
-- Dumping data for table `sp_proc_end`
--

LOCK TABLES `sp_proc_end` WRITE;
/*!40000 ALTER TABLE `sp_proc_end` DISABLE KEYS */;
INSERT INTO `sp_proc_end` VALUES (2),(6);
/*!40000 ALTER TABLE `sp_proc_end` ENABLE KEYS */;
UNLOCK TABLES;

--
-- Table structure for table `sp_proc_fan`
--

DROP TABLE IF EXISTS `sp_proc_fan`;
/*!40101 SET @saved_cs_client     = @@character_set_client */;
/*!40101 SET character_set_client = utf8 */;
CREATE TABLE `sp_proc_fan` (
  `id` int(11) NOT NULL AUTO_INCREMENT,
  `nombre` varchar(255) COLLATE utf8_unicode_ci NOT NULL,
  `activo` tinyint(1) NOT NULL DEFAULT '1',
  `type` int(11) NOT NULL,
  `permanente` tinyint(1) NOT NULL DEFAULT '0',
  `orden` int(11) NOT NULL DEFAULT '0',
  PRIMARY KEY (`id`),
  UNIQUE KEY `UNIQ_AEAAD07E3A909126` (`nombre`)
) ENGINE=InnoDB AUTO_INCREMENT=11 DEFAULT CHARSET=utf8 COLLATE=utf8_unicode_ci;
/*!40101 SET character_set_client = @saved_cs_client */;

--
-- Dumping data for table `sp_proc_fan`
--

LOCK TABLES `sp_proc_fan` WRITE;
/*!40000 ALTER TABLE `sp_proc_fan` DISABLE KEYS */;
INSERT INTO `sp_proc_fan` VALUES (1,'Recepcion en Playa',1,2,0,1),(2,'Camara Congelados',0,4,1,12),(3,'Desplume y Eviscerado',0,3,0,2),(4,'Subproductos',0,3,0,4),(5,'Empaque',0,3,0,3),(6,'Camara Frescos',0,4,1,13),(7,'Congelamiento',0,3,1,11),(8,'Transito',0,3,1,7),(9,'Venta de Vivos',0,3,0,15),(10,'Faena Tercerizada',0,3,0,16);
/*!40000 ALTER TABLE `sp_proc_fan` ENABLE KEYS */;
UNLOCK TABLES;

--
-- Table structure for table `sp_proc_fan_day`
--

DROP TABLE IF EXISTS `sp_proc_fan_day`;
/*!40101 SET @saved_cs_client     = @@character_set_client */;
/*!40101 SET character_set_client = utf8 */;
CREATE TABLE `sp_proc_fan_day` (
  `id` int(11) NOT NULL AUTO_INCREMENT,
  `id_proc_fan` int(11) DEFAULT NULL,
  `ultimoMovimiento` datetime DEFAULT NULL,
  PRIMARY KEY (`id`),
  KEY `IDX_CB240879CCB66DA3` (`id_proc_fan`),
  CONSTRAINT `FK_CB240879CCB66DA3` FOREIGN KEY (`id_proc_fan`) REFERENCES `sp_proc_fan` (`id`)
) ENGINE=InnoDB AUTO_INCREMENT=16 DEFAULT CHARSET=utf8 COLLATE=utf8_unicode_ci;
/*!40101 SET character_set_client = @saved_cs_client */;

--
-- Dumping data for table `sp_proc_fan_day`
--

LOCK TABLES `sp_proc_fan_day` WRITE;
/*!40000 ALTER TABLE `sp_proc_fan_day` DISABLE KEYS */;
INSERT INTO `sp_proc_fan_day` VALUES (1,1,'2020-05-13 23:55:08'),(2,2,'2020-03-25 16:45:32'),(3,1,'2020-03-28 20:27:47'),(4,1,'2020-03-28 22:11:25'),(5,3,'2020-03-28 22:11:25'),(6,1,'2020-04-03 13:31:58'),(7,3,'2020-04-03 13:31:58'),(8,5,'2020-04-03 13:31:58'),(9,4,'2020-04-03 13:31:58'),(10,8,'2020-04-03 13:31:58'),(11,7,'2020-04-03 13:31:58'),(12,6,'2020-04-03 13:31:58'),(13,9,'2020-04-03 13:31:58'),(14,10,'2020-04-03 13:31:58'),(15,1,'2020-05-14 15:24:53');
/*!40000 ALTER TABLE `sp_proc_fan_day` ENABLE KEYS */;
UNLOCK TABLES;

--
-- Table structure for table `sp_proc_for_fan_day`
--

DROP TABLE IF EXISTS `sp_proc_for_fan_day`;
/*!40101 SET @saved_cs_client     = @@character_set_client */;
/*!40101 SET character_set_client = utf8 */;
CREATE TABLE `sp_proc_for_fan_day` (
  `id_fan_day` int(11) NOT NULL,
  `id_proc_fan_day` int(11) NOT NULL,
  PRIMARY KEY (`id_fan_day`,`id_proc_fan_day`),
  KEY `IDX_5CD3AF37C7B2F574` (`id_fan_day`),
  KEY `IDX_5CD3AF3797575957` (`id_proc_fan_day`),
  CONSTRAINT `FK_5CD3AF3797575957` FOREIGN KEY (`id_proc_fan_day`) REFERENCES `sp_proc_fan_day` (`id`),
  CONSTRAINT `FK_5CD3AF37C7B2F574` FOREIGN KEY (`id_fan_day`) REFERENCES `sp_fan_day` (`id`)
) ENGINE=InnoDB DEFAULT CHARSET=utf8 COLLATE=utf8_unicode_ci;
/*!40101 SET character_set_client = @saved_cs_client */;

--
-- Dumping data for table `sp_proc_for_fan_day`
--

LOCK TABLES `sp_proc_for_fan_day` WRITE;
/*!40000 ALTER TABLE `sp_proc_for_fan_day` DISABLE KEYS */;
INSERT INTO `sp_proc_for_fan_day` VALUES (2,1),(2,2),(3,2),(3,3),(4,2),(4,4),(4,5),(5,2),(5,6),(5,7),(5,8),(5,9),(5,10),(5,11),(5,12),(5,13),(5,14),(6,15);
/*!40000 ALTER TABLE `sp_proc_for_fan_day` ENABLE KEYS */;
UNLOCK TABLES;

--
-- Table structure for table `sp_proc_for_usr`
--

DROP TABLE IF EXISTS `sp_proc_for_usr`;
/*!40101 SET @saved_cs_client     = @@character_set_client */;
/*!40101 SET character_set_client = utf8 */;
CREATE TABLE `sp_proc_for_usr` (
  `user_id` int(11) NOT NULL,
  `proceso_faena_id` int(11) NOT NULL,
  PRIMARY KEY (`user_id`,`proceso_faena_id`),
  KEY `IDX_A6FC7396A76ED395` (`user_id`),
  KEY `IDX_A6FC7396F1A5D562` (`proceso_faena_id`),
  CONSTRAINT `FK_A6FC7396F1A5D562` FOREIGN KEY (`proceso_faena_id`) REFERENCES `sp_proc_fan` (`id`) ON DELETE CASCADE,
  CONSTRAINT `FK_A6FC7396A76ED395` FOREIGN KEY (`user_id`) REFERENCES `usuarios` (`id`) ON DELETE CASCADE
) ENGINE=InnoDB DEFAULT CHARSET=utf8 COLLATE=utf8_unicode_ci;
/*!40101 SET character_set_client = @saved_cs_client */;

--
-- Dumping data for table `sp_proc_for_usr`
--

LOCK TABLES `sp_proc_for_usr` WRITE;
/*!40000 ALTER TABLE `sp_proc_for_usr` DISABLE KEYS */;
INSERT INTO `sp_proc_for_usr` VALUES (1,1),(1,2),(1,3),(1,4),(2,1),(2,2),(2,3),(2,4);
/*!40000 ALTER TABLE `sp_proc_for_usr` ENABLE KEYS */;
UNLOCK TABLES;

--
-- Table structure for table `sp_proc_ini`
--

DROP TABLE IF EXISTS `sp_proc_ini`;
/*!40101 SET @saved_cs_client     = @@character_set_client */;
/*!40101 SET character_set_client = utf8 */;
CREATE TABLE `sp_proc_ini` (
  `id` int(11) NOT NULL,
  PRIMARY KEY (`id`),
  CONSTRAINT `FK_BC0A1E2FBF396750` FOREIGN KEY (`id`) REFERENCES `sp_proc_fan` (`id`) ON DELETE CASCADE
) ENGINE=InnoDB DEFAULT CHARSET=utf8 COLLATE=utf8_unicode_ci;
/*!40101 SET character_set_client = @saved_cs_client */;

--
-- Dumping data for table `sp_proc_ini`
--

LOCK TABLES `sp_proc_ini` WRITE;
/*!40000 ALTER TABLE `sp_proc_ini` DISABLE KEYS */;
INSERT INTO `sp_proc_ini` VALUES (1);
/*!40000 ALTER TABLE `sp_proc_ini` ENABLE KEYS */;
UNLOCK TABLES;

--
-- Table structure for table `sp_proc_join`
--

DROP TABLE IF EXISTS `sp_proc_join`;
/*!40101 SET @saved_cs_client     = @@character_set_client */;
/*!40101 SET character_set_client = utf8 */;
CREATE TABLE `sp_proc_join` (
  `proccess_sender_id` int(11) NOT NULL,
  `proccess_receiver_id` int(11) NOT NULL,
  PRIMARY KEY (`proccess_sender_id`,`proccess_receiver_id`),
  KEY `IDX_C012514C75551E29` (`proccess_sender_id`),
  KEY `IDX_C012514CE59DDA2E` (`proccess_receiver_id`),
  CONSTRAINT `FK_C012514CE59DDA2E` FOREIGN KEY (`proccess_receiver_id`) REFERENCES `sp_proc_fan` (`id`),
  CONSTRAINT `FK_C012514C75551E29` FOREIGN KEY (`proccess_sender_id`) REFERENCES `sp_proc_fan` (`id`)
) ENGINE=InnoDB DEFAULT CHARSET=utf8 COLLATE=utf8_unicode_ci;
/*!40101 SET character_set_client = @saved_cs_client */;

--
-- Dumping data for table `sp_proc_join`
--

LOCK TABLES `sp_proc_join` WRITE;
/*!40000 ALTER TABLE `sp_proc_join` DISABLE KEYS */;
INSERT INTO `sp_proc_join` VALUES (1,3),(1,9),(3,4),(3,5),(4,7),(4,8);
/*!40000 ALTER TABLE `sp_proc_join` ENABLE KEYS */;
UNLOCK TABLES;

--
-- Table structure for table `sp_proc_mid`
--

DROP TABLE IF EXISTS `sp_proc_mid`;
/*!40101 SET @saved_cs_client     = @@character_set_client */;
/*!40101 SET character_set_client = utf8 */;
CREATE TABLE `sp_proc_mid` (
  `id` int(11) NOT NULL,
  PRIMARY KEY (`id`),
  CONSTRAINT `FK_8AF35C89BF396750` FOREIGN KEY (`id`) REFERENCES `sp_proc_fan` (`id`) ON DELETE CASCADE
) ENGINE=InnoDB DEFAULT CHARSET=utf8 COLLATE=utf8_unicode_ci;
/*!40101 SET character_set_client = @saved_cs_client */;

--
-- Dumping data for table `sp_proc_mid`
--

LOCK TABLES `sp_proc_mid` WRITE;
/*!40000 ALTER TABLE `sp_proc_mid` DISABLE KEYS */;
INSERT INTO `sp_proc_mid` VALUES (3),(4),(5),(7),(8),(9),(10);
/*!40000 ALTER TABLE `sp_proc_mid` ENABLE KEYS */;
UNLOCK TABLES;

--
-- Table structure for table `sp_st_art_atr_con`
--

DROP TABLE IF EXISTS `sp_st_art_atr_con`;
/*!40101 SET @saved_cs_client     = @@character_set_client */;
/*!40101 SET character_set_client = utf8 */;
CREATE TABLE `sp_st_art_atr_con` (
  `id` int(11) NOT NULL AUTO_INCREMENT,
  `id_articulo` int(11) DEFAULT NULL,
  `id_concepto` int(11) DEFAULT NULL,
  `asignado` tinyint(1) NOT NULL DEFAULT '1',
  PRIMARY KEY (`id`),
  KEY `IDX_B44530703932A204` (`id_articulo`),
  KEY `IDX_B445307034586445` (`id_concepto`),
  CONSTRAINT `FK_B445307034586445` FOREIGN KEY (`id_concepto`) REFERENCES `sp_st_con_mov_proc` (`id`),
  CONSTRAINT `FK_B44530703932A204` FOREIGN KEY (`id_articulo`) REFERENCES `sp_gst_art` (`id`)
) ENGINE=InnoDB AUTO_INCREMENT=11 DEFAULT CHARSET=utf8 COLLATE=utf8_unicode_ci;
/*!40101 SET character_set_client = @saved_cs_client */;

--
-- Dumping data for table `sp_st_art_atr_con`
--

LOCK TABLES `sp_st_art_atr_con` WRITE;
/*!40000 ALTER TABLE `sp_st_art_atr_con` DISABLE KEYS */;
INSERT INTO `sp_st_art_atr_con` VALUES (1,1,1,1),(2,1,2,1),(3,1,3,1),(4,1,4,1),(5,1,5,1),(6,2,6,1),(7,1,7,1),(8,3,6,1),(9,1,8,1),(10,1,9,1);
/*!40000 ALTER TABLE `sp_st_art_atr_con` ENABLE KEYS */;
UNLOCK TABLES;

--
-- Table structure for table `sp_st_con_mov`
--

DROP TABLE IF EXISTS `sp_st_con_mov`;
/*!40101 SET @saved_cs_client     = @@character_set_client */;
/*!40101 SET character_set_client = utf8 */;
CREATE TABLE `sp_st_con_mov` (
  `id` int(11) NOT NULL AUTO_INCREMENT,
  `concepto` varchar(255) COLLATE utf8_unicode_ci NOT NULL,
  PRIMARY KEY (`id`)
) ENGINE=InnoDB AUTO_INCREMENT=7 DEFAULT CHARSET=utf8 COLLATE=utf8_unicode_ci;
/*!40101 SET character_set_client = @saved_cs_client */;

--
-- Dumping data for table `sp_st_con_mov`
--

LOCK TABLES `sp_st_con_mov` WRITE;
/*!40000 ALTER TABLE `sp_st_con_mov` DISABLE KEYS */;
INSERT INTO `sp_st_con_mov` VALUES (1,'Ingreso a Planta'),(2,'Transferir'),(3,'Faena Tercerizada'),(4,'Transformacion'),(5,'Decomiso Post Mortem'),(6,'Decomiso Ante Mortem');
/*!40000 ALTER TABLE `sp_st_con_mov` ENABLE KEYS */;
UNLOCK TABLES;

--
-- Table structure for table `sp_st_con_mov_proc`
--

DROP TABLE IF EXISTS `sp_st_con_mov_proc`;
/*!40101 SET @saved_cs_client     = @@character_set_client */;
/*!40101 SET character_set_client = utf8 */;
CREATE TABLE `sp_st_con_mov_proc` (
  `id` int(11) NOT NULL AUTO_INCREMENT,
  `id_proc_fan` int(11) DEFAULT NULL,
  `id_concepto` int(11) DEFAULT NULL,
  `id_tipo_movimiento` int(11) DEFAULT NULL,
  `id_art_orig_trans` int(11) DEFAULT NULL,
  `automatico` tinyint(1) NOT NULL DEFAULT '0',
  PRIMARY KEY (`id`),
  KEY `IDX_9738B6FCCB66DA3` (`id_proc_fan`),
  KEY `IDX_9738B6F34586445` (`id_concepto`),
  KEY `IDX_9738B6FB027D1DA` (`id_tipo_movimiento`),
  KEY `IDX_9738B6FDF7ADEEF` (`id_art_orig_trans`),
  CONSTRAINT `FK_9738B6FDF7ADEEF` FOREIGN KEY (`id_art_orig_trans`) REFERENCES `sp_gst_art` (`id`),
  CONSTRAINT `FK_9738B6F34586445` FOREIGN KEY (`id_concepto`) REFERENCES `sp_st_con_mov` (`id`),
  CONSTRAINT `FK_9738B6FB027D1DA` FOREIGN KEY (`id_tipo_movimiento`) REFERENCES `sp_gst_tpo_mov_con` (`id`),
  CONSTRAINT `FK_9738B6FCCB66DA3` FOREIGN KEY (`id_proc_fan`) REFERENCES `sp_proc_fan` (`id`)
) ENGINE=InnoDB AUTO_INCREMENT=10 DEFAULT CHARSET=utf8 COLLATE=utf8_unicode_ci;
/*!40101 SET character_set_client = @saved_cs_client */;

--
-- Dumping data for table `sp_st_con_mov_proc`
--

LOCK TABLES `sp_st_con_mov_proc` WRITE;
/*!40000 ALTER TABLE `sp_st_con_mov_proc` DISABLE KEYS */;
INSERT INTO `sp_st_con_mov_proc` VALUES (1,1,1,1,NULL,0),(2,1,2,3,NULL,0),(3,2,2,1,NULL,1),(4,1,2,2,NULL,1),(5,1,3,1,NULL,0),(6,3,4,1,NULL,0),(7,3,2,1,NULL,1),(8,1,5,2,NULL,0),(9,1,6,2,NULL,0);
/*!40000 ALTER TABLE `sp_st_con_mov_proc` ENABLE KEYS */;
UNLOCK TABLES;

--
-- Table structure for table `sp_st_ent_st`
--

DROP TABLE IF EXISTS `sp_st_ent_st`;
/*!40101 SET @saved_cs_client     = @@character_set_client */;
/*!40101 SET character_set_client = utf8 */;
CREATE TABLE `sp_st_ent_st` (
  `id` int(11) NOT NULL,
  PRIMARY KEY (`id`),
  CONSTRAINT `FK_46975EABF396750` FOREIGN KEY (`id`) REFERENCES `sp_st_mov_abst` (`id`) ON DELETE CASCADE
) ENGINE=InnoDB DEFAULT CHARSET=utf8 COLLATE=utf8_unicode_ci;
/*!40101 SET character_set_client = @saved_cs_client */;

--
-- Dumping data for table `sp_st_ent_st`
--

LOCK TABLES `sp_st_ent_st` WRITE;
/*!40000 ALTER TABLE `sp_st_ent_st` DISABLE KEYS */;
INSERT INTO `sp_st_ent_st` VALUES (1),(2),(6),(9),(10),(11),(14),(15),(16),(17),(19),(21),(24);
/*!40000 ALTER TABLE `sp_st_ent_st` ENABLE KEYS */;
UNLOCK TABLES;

--
-- Table structure for table `sp_st_mov_abst`
--

DROP TABLE IF EXISTS `sp_st_mov_abst`;
/*!40101 SET @saved_cs_client     = @@character_set_client */;
/*!40101 SET character_set_client = utf8 */;
CREATE TABLE `sp_st_mov_abst` (
  `id` int(11) NOT NULL AUTO_INCREMENT,
  `id_proc_fan_day` int(11) DEFAULT NULL,
  `id_art_proc_fan` int(11) DEFAULT NULL,
  `visible` tinyint(1) NOT NULL DEFAULT '1',
  `eliminado` tinyint(1) DEFAULT '0',
  `type` int(11) NOT NULL,
  `id_fan_day` int(11) DEFAULT NULL,
  PRIMARY KEY (`id`),
  KEY `IDX_4CBCE68F97575957` (`id_proc_fan_day`),
  KEY `IDX_4CBCE68FE6AB8D52` (`id_art_proc_fan`),
  KEY `IDX_4CBCE68FC7B2F574` (`id_fan_day`),
  CONSTRAINT `FK_4CBCE68FC7B2F574` FOREIGN KEY (`id_fan_day`) REFERENCES `sp_fan_day` (`id`),
  CONSTRAINT `FK_4CBCE68F97575957` FOREIGN KEY (`id_proc_fan_day`) REFERENCES `sp_proc_fan_day` (`id`),
  CONSTRAINT `FK_4CBCE68FE6AB8D52` FOREIGN KEY (`id_art_proc_fan`) REFERENCES `sp_st_art_atr_con` (`id`)
) ENGINE=InnoDB AUTO_INCREMENT=25 DEFAULT CHARSET=utf8 COLLATE=utf8_unicode_ci;
/*!40101 SET character_set_client = @saved_cs_client */;

--
-- Dumping data for table `sp_st_mov_abst`
--

LOCK TABLES `sp_st_mov_abst` WRITE;
/*!40000 ALTER TABLE `sp_st_mov_abst` DISABLE KEYS */;
INSERT INTO `sp_st_mov_abst` VALUES (1,3,1,1,0,2,3),(2,2,3,1,1,2,3),(3,3,4,1,1,3,3),(4,3,2,0,0,5,3),(5,3,4,1,1,3,3),(6,2,3,1,1,2,3),(7,3,2,0,0,5,3),(9,4,5,1,0,2,4),(10,5,6,1,1,2,4),(11,5,7,1,0,2,4),(12,4,4,1,0,3,4),(13,4,2,0,0,5,4),(14,5,6,1,1,2,4),(15,5,8,1,1,2,4),(16,4,5,1,0,2,4),(17,6,1,1,0,2,5),(18,6,4,1,1,3,5),(19,7,7,1,1,2,5),(20,6,2,0,0,5,5),(21,1,1,1,0,2,2),(22,6,10,1,1,3,5),(24,15,1,1,0,2,6);
/*!40000 ALTER TABLE `sp_st_mov_abst` ENABLE KEYS */;
UNLOCK TABLES;

--
-- Table structure for table `sp_st_mov_val_ext`
--

DROP TABLE IF EXISTS `sp_st_mov_val_ext`;
/*!40101 SET @saved_cs_client     = @@character_set_client */;
/*!40101 SET character_set_client = utf8 */;
CREATE TABLE `sp_st_mov_val_ext` (
  `id` int(11) NOT NULL,
  `id_etntity_extern` int(11) DEFAULT NULL,
  PRIMARY KEY (`id`),
  KEY `IDX_902799BC7B905FBA` (`id_etntity_extern`),
  CONSTRAINT `FK_902799BCBF396750` FOREIGN KEY (`id`) REFERENCES `sp_val_atr_art_proc_fan` (`id`) ON DELETE CASCADE,
  CONSTRAINT `FK_902799BC7B905FBA` FOREIGN KEY (`id_etntity_extern`) REFERENCES `sp_gst_ent_ext` (`id`)
) ENGINE=InnoDB DEFAULT CHARSET=utf8 COLLATE=utf8_unicode_ci;
/*!40101 SET character_set_client = @saved_cs_client */;

--
-- Dumping data for table `sp_st_mov_val_ext`
--

LOCK TABLES `sp_st_mov_val_ext` WRITE;
/*!40000 ALTER TABLE `sp_st_mov_val_ext` DISABLE KEYS */;
INSERT INTO `sp_st_mov_val_ext` VALUES (2,1),(49,1),(61,1),(76,1),(103,1),(31,17),(48,18),(60,18),(75,18),(102,18),(1,21),(30,22),(77,24),(104,24);
/*!40000 ALTER TABLE `sp_st_mov_val_ext` ENABLE KEYS */;
UNLOCK TABLES;

--
-- Table structure for table `sp_st_mov_val_nro`
--

DROP TABLE IF EXISTS `sp_st_mov_val_nro`;
/*!40101 SET @saved_cs_client     = @@character_set_client */;
/*!40101 SET character_set_client = utf8 */;
CREATE TABLE `sp_st_mov_val_nro` (
  `id` int(11) NOT NULL,
  `id_unt_med` int(11) DEFAULT NULL,
  `valor` double NOT NULL,
  `decimales` int(11) NOT NULL DEFAULT '0',
  `acumula` tinyint(1) DEFAULT '1',
  `promedia` tinyint(1) DEFAULT '0',
  PRIMARY KEY (`id`),
  KEY `IDX_ECF8573B4239DC83` (`id_unt_med`),
  CONSTRAINT `FK_ECF8573BBF396750` FOREIGN KEY (`id`) REFERENCES `sp_val_atr_art_proc_fan` (`id`) ON DELETE CASCADE,
  CONSTRAINT `FK_ECF8573B4239DC83` FOREIGN KEY (`id_unt_med`) REFERENCES `sp_gst_unt_med` (`id`)
) ENGINE=InnoDB DEFAULT CHARSET=utf8 COLLATE=utf8_unicode_ci;
/*!40101 SET character_set_client = @saved_cs_client */;

--
-- Dumping data for table `sp_st_mov_val_nro`
--

LOCK TABLES `sp_st_mov_val_nro` WRITE;
/*!40000 ALTER TABLE `sp_st_mov_val_nro` DISABLE KEYS */;
INSERT INTO `sp_st_mov_val_nro` VALUES (6,2,4669,0,NULL,NULL),(7,1,31580,0,NULL,NULL),(8,1,16880,0,NULL,NULL),(9,1,14700,0,NULL,NULL),(10,1,3.1484257871064,0,NULL,NULL),(11,2,22,0,NULL,NULL),(12,1,69.265367316342,0,NULL,NULL),(13,1,3000,0,1,NULL),(14,1,-3000,0,1,NULL),(15,1,3000,0,NULL,NULL),(16,1,100,2,1,NULL),(17,1,-100,2,1,NULL),(18,1,100,0,NULL,NULL),(35,2,4088,0,NULL,NULL),(36,1,27980,0,NULL,NULL),(37,1,15620,0,NULL,NULL),(38,1,12360,0,NULL,NULL),(39,1,3.0234833659491,0,NULL,NULL),(40,2,15,0,NULL,NULL),(41,1,45.352250489237,0,NULL,NULL),(42,1,0,0,NULL,NULL),(43,1,12360,2,1,NULL),(44,1,-12360,2,1,NULL),(45,1,12360,0,NULL,NULL),(46,1,0,0,NULL,NULL),(47,1,0,0,NULL,NULL),(53,2,4672,0,NULL,NULL),(54,1,30940,0,NULL,NULL),(55,1,16880,0,NULL,NULL),(56,1,14060,0,NULL,NULL),(57,1,3.0094178082192,0,NULL,NULL),(58,2,15,0,NULL,NULL),(59,1,45.141267123288,0,NULL,NULL),(65,2,4672,0,NULL,NULL),(66,1,30940,0,NULL,NULL),(67,1,16740,0,NULL,NULL),(68,1,14200,0,NULL,NULL),(69,1,3.0393835616438,0,NULL,NULL),(70,2,20,0,NULL,NULL),(71,1,60.787671232877,0,NULL,NULL),(72,1,14200,2,1,NULL),(73,1,-14200,2,1,NULL),(74,1,14200,0,NULL,NULL),(81,2,4672,0,NULL,NULL),(82,1,30940,0,NULL,NULL),(83,1,16880,0,NULL,NULL),(84,1,14060,0,NULL,NULL),(85,1,3.0094178082192,0,NULL,NULL),(86,2,18,0,NULL,NULL),(87,1,54.169520547945,0,NULL,NULL),(88,1,1,0,NULL,NULL),(89,1,2.0094178082192,0,NULL,NULL),(90,1,9388,0,NULL,NULL),(91,1,21552,0,NULL,NULL),(92,2,0,0,NULL,NULL),(93,1,-0,0,NULL,NULL),(108,2,4672,0,NULL,NULL),(109,1,24930,0,NULL,NULL),(110,1,17360,0,NULL,NULL),(111,1,7570,0,NULL,NULL),(112,1,1.6202910958904,0,NULL,NULL),(113,2,25,0,NULL,NULL),(114,1,40.50727739726,0,NULL,NULL),(115,1,0.4,0,NULL,NULL),(116,1,1.2202910958904,0,NULL,NULL),(117,1,5701.2,0,NULL,NULL),(118,1,19228.8,0,NULL,NULL);
/*!40000 ALTER TABLE `sp_st_mov_val_nro` ENABLE KEYS */;
UNLOCK TABLES;

--
-- Table structure for table `sp_st_mov_val_txt`
--

DROP TABLE IF EXISTS `sp_st_mov_val_txt`;
/*!40101 SET @saved_cs_client     = @@character_set_client */;
/*!40101 SET character_set_client = utf8 */;
CREATE TABLE `sp_st_mov_val_txt` (
  `id` int(11) NOT NULL,
  `valor` varchar(255) COLLATE utf8_unicode_ci NOT NULL,
  PRIMARY KEY (`id`),
  CONSTRAINT `FK_8DC350FBBF396750` FOREIGN KEY (`id`) REFERENCES `sp_val_atr_art_proc_fan` (`id`) ON DELETE CASCADE
) ENGINE=InnoDB DEFAULT CHARSET=utf8 COLLATE=utf8_unicode_ci;
/*!40101 SET character_set_client = @saved_cs_client */;

--
-- Dumping data for table `sp_st_mov_val_txt`
--

LOCK TABLES `sp_st_mov_val_txt` WRITE;
/*!40000 ALTER TABLE `sp_st_mov_val_txt` DISABLE KEYS */;
INSERT INTO `sp_st_mov_val_txt` VALUES (3,'1'),(4,'129320'),(5,'017310539-8'),(32,'3'),(33,'129323'),(34,'.'),(50,'123'),(51,'129320'),(52,'017311808-2'),(62,'123'),(63,'129320'),(64,'017311808-2'),(78,'123'),(79,'129320'),(80,'017310539-8'),(105,'1'),(106,'999999'),(107,'9999999999');
/*!40000 ALTER TABLE `sp_st_mov_val_txt` ENABLE KEYS */;
UNLOCK TABLES;

--
-- Table structure for table `sp_st_sal_st`
--

DROP TABLE IF EXISTS `sp_st_sal_st`;
/*!40101 SET @saved_cs_client     = @@character_set_client */;
/*!40101 SET character_set_client = utf8 */;
CREATE TABLE `sp_st_sal_st` (
  `id` int(11) NOT NULL,
  PRIMARY KEY (`id`),
  CONSTRAINT `FK_C61B7CCDBF396750` FOREIGN KEY (`id`) REFERENCES `sp_st_mov_abst` (`id`) ON DELETE CASCADE
) ENGINE=InnoDB DEFAULT CHARSET=utf8 COLLATE=utf8_unicode_ci;
/*!40101 SET character_set_client = @saved_cs_client */;

--
-- Dumping data for table `sp_st_sal_st`
--

LOCK TABLES `sp_st_sal_st` WRITE;
/*!40000 ALTER TABLE `sp_st_sal_st` DISABLE KEYS */;
INSERT INTO `sp_st_sal_st` VALUES (3),(5),(12),(18),(22);
/*!40000 ALTER TABLE `sp_st_sal_st` ENABLE KEYS */;
UNLOCK TABLES;

--
-- Table structure for table `sp_st_trans_st`
--

DROP TABLE IF EXISTS `sp_st_trans_st`;
/*!40101 SET @saved_cs_client     = @@character_set_client */;
/*!40101 SET character_set_client = utf8 */;
CREATE TABLE `sp_st_trans_st` (
  `id` int(11) NOT NULL,
  `id_proc_fan_day_dest` int(11) DEFAULT NULL,
  `id_entrada` int(11) DEFAULT NULL,
  `id_salida` int(11) DEFAULT NULL,
  PRIMARY KEY (`id`),
  UNIQUE KEY `UNIQ_7D707B4317D40B04` (`id_entrada`),
  UNIQUE KEY `UNIQ_7D707B43B3C372A5` (`id_salida`),
  KEY `IDX_7D707B43BE862E93` (`id_proc_fan_day_dest`),
  CONSTRAINT `FK_7D707B43BF396750` FOREIGN KEY (`id`) REFERENCES `sp_st_mov_abst` (`id`) ON DELETE CASCADE,
  CONSTRAINT `FK_7D707B4317D40B04` FOREIGN KEY (`id_entrada`) REFERENCES `sp_st_mov_abst` (`id`),
  CONSTRAINT `FK_7D707B43B3C372A5` FOREIGN KEY (`id_salida`) REFERENCES `sp_st_mov_abst` (`id`),
  CONSTRAINT `FK_7D707B43BE862E93` FOREIGN KEY (`id_proc_fan_day_dest`) REFERENCES `sp_proc_fan_day` (`id`)
) ENGINE=InnoDB DEFAULT CHARSET=utf8 COLLATE=utf8_unicode_ci;
/*!40101 SET character_set_client = @saved_cs_client */;

--
-- Dumping data for table `sp_st_trans_st`
--

LOCK TABLES `sp_st_trans_st` WRITE;
/*!40000 ALTER TABLE `sp_st_trans_st` DISABLE KEYS */;
INSERT INTO `sp_st_trans_st` VALUES (4,NULL,2,3),(7,NULL,6,5),(13,NULL,11,12),(20,NULL,19,18);
/*!40000 ALTER TABLE `sp_st_trans_st` ENABLE KEYS */;
UNLOCK TABLES;

--
-- Table structure for table `sp_val_atr_art_proc_fan`
--

DROP TABLE IF EXISTS `sp_val_atr_art_proc_fan`;
/*!40101 SET @saved_cs_client     = @@character_set_client */;
/*!40101 SET character_set_client = utf8 */;
CREATE TABLE `sp_val_atr_art_proc_fan` (
  `id` int(11) NOT NULL AUTO_INCREMENT,
  `id_atributo` int(11) DEFAULT NULL,
  `id_mv_st` int(11) DEFAULT NULL,
  `id_atributo_abstracto` int(11) DEFAULT NULL,
  `posicion` int(11) DEFAULT '0',
  `mostrar` tinyint(1) DEFAULT '1',
  `type` int(11) NOT NULL,
  PRIMARY KEY (`id`),
  KEY `IDX_1A4B0F5EB61C8B1F` (`id_atributo`),
  KEY `IDX_1A4B0F5E33CB0C0C` (`id_mv_st`),
  KEY `IDX_1A4B0F5EB9238E71` (`id_atributo_abstracto`),
  CONSTRAINT `FK_1A4B0F5EB9238E71` FOREIGN KEY (`id_atributo_abstracto`) REFERENCES `sp_gst_atr_abst` (`id`),
  CONSTRAINT `FK_1A4B0F5E33CB0C0C` FOREIGN KEY (`id_mv_st`) REFERENCES `sp_st_mov_abst` (`id`),
  CONSTRAINT `FK_1A4B0F5EB61C8B1F` FOREIGN KEY (`id_atributo`) REFERENCES `sp_gst_atr_abs` (`id`)
) ENGINE=InnoDB AUTO_INCREMENT=119 DEFAULT CHARSET=utf8 COLLATE=utf8_unicode_ci;
/*!40101 SET character_set_client = @saved_cs_client */;

--
-- Dumping data for table `sp_val_atr_art_proc_fan`
--

LOCK TABLES `sp_val_atr_art_proc_fan` WRITE;
/*!40000 ALTER TABLE `sp_val_atr_art_proc_fan` DISABLE KEYS */;
INSERT INTO `sp_val_atr_art_proc_fan` VALUES (1,1,1,NULL,NULL,NULL,4),(2,4,1,NULL,NULL,NULL,4),(3,2,1,NULL,NULL,NULL,3),(4,3,1,NULL,NULL,NULL,3),(5,6,1,NULL,NULL,NULL,3),(6,5,1,NULL,NULL,NULL,2),(7,7,1,NULL,NULL,NULL,2),(8,8,1,NULL,NULL,NULL,2),(9,9,1,NULL,NULL,NULL,2),(10,10,1,NULL,NULL,NULL,2),(11,11,1,NULL,NULL,NULL,2),(12,12,1,NULL,NULL,NULL,2),(13,NULL,2,2,NULL,1,2),(14,NULL,3,2,NULL,1,2),(15,13,4,NULL,NULL,NULL,2),(16,NULL,6,2,NULL,1,2),(17,NULL,5,2,NULL,1,2),(18,13,7,NULL,NULL,NULL,2),(30,14,9,NULL,NULL,NULL,4),(31,17,9,NULL,NULL,NULL,4),(32,15,9,NULL,NULL,NULL,3),(33,16,9,NULL,NULL,NULL,3),(34,19,9,NULL,NULL,NULL,3),(35,18,9,NULL,NULL,NULL,2),(36,20,9,NULL,NULL,NULL,2),(37,21,9,NULL,NULL,NULL,2),(38,22,9,NULL,NULL,NULL,2),(39,23,9,NULL,NULL,NULL,2),(40,24,9,NULL,NULL,NULL,2),(41,25,9,NULL,NULL,NULL,2),(42,26,10,NULL,NULL,NULL,2),(43,NULL,11,2,NULL,1,2),(44,NULL,12,2,NULL,1,2),(45,13,13,NULL,NULL,NULL,2),(46,26,14,NULL,NULL,NULL,2),(47,27,15,NULL,NULL,NULL,2),(48,14,16,NULL,NULL,NULL,4),(49,17,16,NULL,NULL,NULL,4),(50,15,16,NULL,NULL,NULL,3),(51,16,16,NULL,NULL,NULL,3),(52,19,16,NULL,NULL,NULL,3),(53,18,16,NULL,NULL,NULL,2),(54,20,16,NULL,NULL,NULL,2),(55,21,16,NULL,NULL,NULL,2),(56,22,16,NULL,NULL,NULL,2),(57,23,16,NULL,NULL,NULL,2),(58,24,16,NULL,NULL,NULL,2),(59,25,16,NULL,NULL,NULL,2),(60,1,17,NULL,NULL,NULL,4),(61,4,17,NULL,NULL,NULL,4),(62,2,17,NULL,NULL,NULL,3),(63,3,17,NULL,NULL,NULL,3),(64,6,17,NULL,NULL,NULL,3),(65,5,17,NULL,NULL,NULL,2),(66,7,17,NULL,NULL,NULL,2),(67,8,17,NULL,NULL,NULL,2),(68,9,17,NULL,NULL,NULL,2),(69,10,17,NULL,NULL,NULL,2),(70,11,17,NULL,NULL,NULL,2),(71,12,17,NULL,NULL,NULL,2),(72,NULL,19,2,NULL,1,2),(73,NULL,18,2,NULL,1,2),(74,13,20,NULL,NULL,NULL,2),(75,1,21,NULL,NULL,NULL,4),(76,4,21,NULL,NULL,NULL,4),(77,28,21,NULL,NULL,NULL,4),(78,2,21,NULL,NULL,NULL,3),(79,3,21,NULL,NULL,NULL,3),(80,6,21,NULL,NULL,NULL,3),(81,5,21,NULL,NULL,NULL,2),(82,7,21,NULL,NULL,NULL,2),(83,8,21,NULL,NULL,NULL,2),(84,9,21,NULL,NULL,NULL,2),(85,10,21,NULL,NULL,NULL,2),(86,11,21,NULL,NULL,NULL,2),(87,12,21,NULL,NULL,NULL,2),(88,29,21,NULL,NULL,NULL,2),(89,30,21,NULL,NULL,NULL,2),(90,31,21,NULL,NULL,NULL,2),(91,32,21,NULL,NULL,NULL,2),(92,39,22,NULL,NULL,NULL,2),(93,40,22,NULL,NULL,NULL,2),(102,1,24,NULL,NULL,NULL,4),(103,4,24,NULL,NULL,NULL,4),(104,28,24,NULL,NULL,NULL,4),(105,2,24,NULL,NULL,NULL,3),(106,3,24,NULL,NULL,NULL,3),(107,6,24,NULL,NULL,NULL,3),(108,5,24,NULL,NULL,NULL,2),(109,7,24,NULL,NULL,NULL,2),(110,8,24,NULL,NULL,NULL,2),(111,9,24,NULL,NULL,NULL,2),(112,10,24,NULL,NULL,NULL,2),(113,11,24,NULL,NULL,NULL,2),(114,12,24,NULL,NULL,NULL,2),(115,29,24,NULL,NULL,NULL,2),(116,30,24,NULL,NULL,NULL,2),(117,31,24,NULL,NULL,NULL,2),(118,32,24,NULL,NULL,NULL,2);
/*!40000 ALTER TABLE `sp_val_atr_art_proc_fan` ENABLE KEYS */;
UNLOCK TABLES;

--
-- Table structure for table `usuarios`
--

DROP TABLE IF EXISTS `usuarios`;
/*!40101 SET @saved_cs_client     = @@character_set_client */;
/*!40101 SET character_set_client = utf8 */;
CREATE TABLE `usuarios` (
  `id` int(11) NOT NULL AUTO_INCREMENT,
  `username` varchar(180) COLLATE utf8_unicode_ci NOT NULL,
  `username_canonical` varchar(180) COLLATE utf8_unicode_ci NOT NULL,
  `email` varchar(180) COLLATE utf8_unicode_ci NOT NULL,
  `email_canonical` varchar(180) COLLATE utf8_unicode_ci NOT NULL,
  `enabled` tinyint(1) NOT NULL,
  `salt` varchar(255) COLLATE utf8_unicode_ci DEFAULT NULL,
  `password` varchar(255) COLLATE utf8_unicode_ci NOT NULL,
  `last_login` datetime DEFAULT NULL,
  `confirmation_token` varchar(180) COLLATE utf8_unicode_ci DEFAULT NULL,
  `password_requested_at` datetime DEFAULT NULL,
  `roles` longtext COLLATE utf8_unicode_ci NOT NULL COMMENT '(DC2Type:array)',
  PRIMARY KEY (`id`),
  UNIQUE KEY `UNIQ_EF687F292FC23A8` (`username_canonical`),
  UNIQUE KEY `UNIQ_EF687F2A0D96FBF` (`email_canonical`),
  UNIQUE KEY `UNIQ_EF687F2C05FB297` (`confirmation_token`)
) ENGINE=InnoDB AUTO_INCREMENT=6 DEFAULT CHARSET=utf8 COLLATE=utf8_unicode_ci;
/*!40101 SET character_set_client = @saved_cs_client */;

--
-- Dumping data for table `usuarios`
--

LOCK TABLES `usuarios` WRITE;
/*!40000 ALTER TABLE `usuarios` DISABLE KEYS */;
INSERT INTO `usuarios` VALUES (1,'leochabur','leochabur','leochabur@gmail.com','leochabur@gmail.com',1,NULL,'$2y$13$F9GBPDo.pDRyf.AZTePRV.vlZiWYAdWQccPHpb1BLDvilDqEXaZ4O','2020-05-14 15:18:44',NULL,NULL,'a:1:{i:0;s:16:\"ROLE_SUPER_ADMIN\";}'),(2,'admin','admin','admin@master.net','admin@master.net',1,NULL,'$2y$13$ZKcaqPwyM9.2JhhtZnye..rDy9rUtv4dteOcW210qFSqjrY0aTd9S','2020-05-14 00:00:55',NULL,NULL,'a:0:{}'),(3,'usuario1','usuario1','usuario1@sapucai.com','usuario1@sapucai.com',1,NULL,'$2y$13$wIEWzMaWamTU65LzBU9BI.xI2AGKKb03J8kcOEBD9Hms2RvBY/adq','2019-11-28 13:57:33',NULL,NULL,'a:0:{}'),(4,'dpace','dpace','dpace@sapucai.com.ar','dpace@sapucai.com.ar',1,NULL,'$2y$13$yf/W8WNQ07/22TeRp93wyOeh6J8diJjPs3HX1YKJgv8hWjLdNuL1C','2020-05-14 16:14:08',NULL,NULL,'a:1:{i:0;s:10:\"ROLE_ADMIN\";}'),(5,'usuarioplaya','usuarioplaya','usuarioplaya@sapucai.com.ar','usuarioplaya@sapucai.com.ar',1,NULL,'$2y$13$CgmKRXhX.9nSv16ptvjTjeZJDVN3WNKxE/Ydk188hTOh1zAlZ5ekW','2020-05-14 14:38:28',NULL,NULL,'a:0:{}');
/*!40000 ALTER TABLE `usuarios` ENABLE KEYS */;
UNLOCK TABLES;
/*!40103 SET TIME_ZONE=@OLD_TIME_ZONE */;

/*!40101 SET SQL_MODE=@OLD_SQL_MODE */;
/*!40014 SET FOREIGN_KEY_CHECKS=@OLD_FOREIGN_KEY_CHECKS */;
/*!40014 SET UNIQUE_CHECKS=@OLD_UNIQUE_CHECKS */;
/*!40101 SET CHARACTER_SET_CLIENT=@OLD_CHARACTER_SET_CLIENT */;
/*!40101 SET CHARACTER_SET_RESULTS=@OLD_CHARACTER_SET_RESULTS */;
/*!40101 SET COLLATION_CONNECTION=@OLD_COLLATION_CONNECTION */;
/*!40111 SET SQL_NOTES=@OLD_SQL_NOTES */;

-- Dump completed on 2020-05-14 14:37:57
